datetime,open,high,low,close,volume,,,,,
8/11/2020,2.85,3.5208,2.8433,3.2985,1552384.78,,,,,
8/12/2020,3.2985,3.9289,3.08,3.7558,1737042.95,,,,,
8/13/2020,3.75,4.1387,3.5003,3.73,1685759.24,,,,,
8/14/2020,3.7207,3.7676,3.321,3.4099,1474161.79,,,,,
8/15/2020,3.4181,3.74,3.15,3.173,1070233.2,,,,,
8/16/2020,3.173,3.4907,3.12,3.3885,668106.53,,,,, 
8/17/2020,3.3885,3.3952,3.1,3.11,729413.64,,,,,
8/18/2020,3.11,3.7092,2.8105,3.3407,2713115.94,,,,,
8/19/2020,3.334,3.49,2.8,2.8868,1433243.76,,,,,
8/20/2020,2.8962,3.445,2.8871,3.2038,1277827.32,,,,,
8/21/2020,3.2038,3.24,2.89,2.9317,1131895.9,,,,,
8/22/2020,2.9213,3.2,2.7431,3.0126,1169417.78,,,,,
8/23/2020,3.0224,3.4,3.0014,3.25,1198036.69,,,,,
8/24/2020,3.2658,3.62,3.21,3.3405,1315196.06,,,,,
8/25/2020,3.3406,3.3654,3.0001,3.25,1149187.37,,,,,
8/26/2020,3.2576,3.7999,3.1809,3.5684,2290030.56,,,,,
8/27/2020,3.5557,3.8575,3.2434,3.4501,2412974.8,,,,,
8/28/2020,3.4503,4.3091,3.4503,4.0063,2581936.84,,,,,
8/29/2020,4.007,4.1121,3.7748,3.9535,1342844.2,,,,,
8/30/2020,3.9531,4.7117,3.9,4.4309,1815681.99,,,,,
8/31/2020,4.4127,4.8865,4.1,4.7435,1497129.12,,,,,
9/1/2020,4.7432,4.9475,4.3,4.3397,1267574.76,,,,,
9/2/2020,4.3213,4.3506,3.66,4.17,2002058.36,,,,,
9/3/2020,4.17,4.459,3.4772,3.5051,3275612.26,,,,,
9/4/2020,3.5062,3.8346,3.1739,3.5301,2052197.24,,,,,
9/5/2020,3.5301,3.6637,2.0926,2.6052,4426267.38,,,,,
9/6/2020,2.6119,3.18,2.2575,3.0941,2898758.91,,,,,
9/7/2020,3.0785,3.1983,2.38,2.9237,2680083.17,,,,,
9/8/2020,2.9237,2.9499,2.4,2.468,1626389.7,,,,,
9/9/2020,2.468,3.8838,2.3821,3.6001,6691121.99,,,,,
9/10/2020,3.6107,3.875,3.304,3.4761,4356890.66,,,,,
9/11/2020,3.4707,3.5036,3.0316,3.3965,2227636.94,,,,,
9/12/2020,3.3967,3.47,3.1494,3.3316,1161542.47,,,,,
9/13/2020,3.3386,3.47,2.9838,3.2603,2024779.41,,,,,
9/14/2020,3.2656,3.5393,3.0752,3.2641,3351649.61,,,,,
9/15/2020,3.264,3.3249,2.8955,2.9295,1698391.09,,,,,
9/16/2020,2.9288,2.9293,2.4282,2.5327,4886766.99,,,,,
9/17/2020,2.5376,2.9389,2.36,2.8829,4635747.31,,,,,
9/18/2020,2.883,3.16,2.726,3.1144,4169446.23,,,,,
9/19/2020,3.1084,3.2545,2.9564,3.031,1586219.86,,,,,
9/20/2020,3.0216,3.0319,2.7,2.8628,1456628.58,,,,,
9/21/2020,2.8628,3.0397,2.4689,2.7672,3567879.31,,,,,
9/22/2020,2.7571,3.0107,2.65,2.9082,3416786.33,,,,,
9/23/2020,2.9184,3.09,2.7001,2.8548,2762150.96,,,,,
9/24/2020,2.855,3.2571,2.7804,3.1433,2983701.04,,,,,
9/25/2020,3.1409,3.2766,2.9003,3.1937,2447843.22,,,,,
9/26/2020,3.185,3.25,3.03,3.1287,1357018.72,,,,,
9/27/2020,3.1292,3.1857,2.9819,3.1578,983815.86,,,,,
9/28/2020,3.1557,3.2109,2.908,2.9599,1306134.15,,,,,
9/29/2020,2.9549,3.027,2.8735,2.9505,950875.56,,,,,
9/30/2020,2.9447,2.9838,2.8228,2.8967,722757.83,,,,,
10/1/2020,2.8967,2.9889,2.65,2.8669,1373061.59,,,,,
10/2/2020,2.8667,2.8873,2.42,2.6232,2788493.11,,,,,
10/3/2020,2.6231,2.6708,2.5356,2.5439,547025.23,,,,,
10/4/2020,2.542,2.5898,2.42,2.5202,765399.21,,,,,
10/5/2020,2.5181,2.683,2.4561,2.6522,912587.17,,,,,
10/6/2020,2.6486,2.6604,2.13,2.174,1784025.33,,,,,
10/7/2020,2.1721,2.4083,2.081,2.3005,2087951.2,,,,,
10/8/2020,2.3001,2.4569,2.0123,2.3638,2759189.94,,,,,
10/9/2020,2.3686,2.63,2.303,2.5314,1878523.79,,,,,
10/10/2020,2.5274,2.6056,2.3873,2.3999,1278940.27,,,,,
10/11/2020,2.3988,2.4607,2.3401,2.4227,898764.08,,,,,
10/12/2020,2.4228,2.7044,2.4132,2.5836,2155387.01,,,,,
10/13/2020,2.5826,2.5867,2.336,2.4062,1951031.1,,,,,
10/14/2020,2.4061,2.4424,2.2331,2.3107,1125385.85,,,,,
10/15/2020,2.3108,2.3485,2.1932,2.2682,754909.09,,,,,
10/16/2020,2.2648,2.269,2.1071,2.1398,1546650.13,,,,,
10/17/2020,2.1374,2.2462,2.1107,2.2053,482249.55,,,,,
10/18/2020,2.2031,2.2595,2.1763,2.215,478921.26,,,,,
10/19/2020,2.2137,2.2148,2.05,2.0592,909217.19,,,,,
10/20/2020,2.0552,2.108,1.8401,1.885,1933167.04,,,,,
10/21/2020,1.8873,2.11,1.8415,1.8887,3222724.75,,,,,
10/22/2020,1.8868,2.09,1.8481,1.9582,1624778.09,,,,,
10/23/2020,1.9566,1.9902,1.85,1.959,1559992.35,,,,,
10/24/2020,1.9652,1.973,1.88,1.9142,748093.83,,,,,
10/25/2020,1.9175,1.9244,1.76,1.7926,1365865.99,,,,,
10/26/2020,1.7925,1.8685,1.6121,1.6799,2021871.84,,,,,
10/27/2020,1.6771,1.75,1.5906,1.711,2591150.26,,,,,
10/28/2020,1.7084,1.7255,1.4508,1.518,3354618.28,,,,,
10/29/2020,1.5166,1.5754,1.4148,1.4327,1233628.05,,,,,
10/30/2020,1.4328,1.4726,1.3163,1.4381,1401628.09,,,,,
10/31/2020,1.4383,1.558,1.4266,1.5497,851989.58,,,,,
11/1/2020,1.5497,1.6463,1.5137,1.608,960664.24,,,,,
11/2/2020,1.6076,1.6432,1.4621,1.4738,867738.07,,,,,
11/3/2020,1.4729,1.484,1.4062,1.4118,983164.88,,,,,
11/4/2020,1.4123,1.4144,1.2733,1.3912,2560523.86,,,,,
11/5/2020,1.3895,1.4928,1.3,1.4007,1598492.56,,,,,
11/6/2020,1.403,1.9482,1.3946,1.9,3846546.9,,,,,
11/7/2020,1.9069,2.4975,1.8276,2.0215,8862610.63,,,,,
11/8/2020,2.0264,2.2825,1.9608,2.1558,4800345.92,,,,,
11/9/2020,2.1515,2.1991,1.9456,2.0299,3050443.52,,,,,
11/10/2020,2.0383,2.3257,2.008,2.2661,2119423.36,,,,,
11/11/2020,2.2665,2.3,1.9673,2,1863686.19,,,,,
11/12/2020,2,2.06,1.825,1.9089,1522310.89,,,,,
11/13/2020,1.9089,2.0808,1.8997,2.0141,1595684.08,,,,,
11/14/2020,2.0222,2.0374,1.869,1.9182,1191847.42,,,,,
11/15/2020,1.9204,2.218,1.9133,2.0407,3348186.49,,,,,
11/16/2020,2.039,2.37,1.9858,2.2626,3192029.56,,,,,
11/17/2020,2.2665,2.33,2.125,2.1998,2311120.85,,,,,
11/18/2020,2.1962,2.2173,2.0001,2.1153,2054379.16,,,,,
11/19/2020,2.1122,2.1848,2.0136,2.085,1391861.95,,,,,
11/20/2020,2.0841,2.2387,2.0521,2.1033,1589414.51,,,,,
11/21/2020,2.0999,2.51,2.0351,2.3822,2963489.5,,,,,
11/22/2020,2.3825,2.4201,2.04,2.1514,2448127.25,,,,,
11/23/2020,2.161,2.3635,2.112,2.2786,2094160.76,,,,,
11/24/2020,2.2786,2.4731,2.1338,2.2823,3534792.04,,,,,
11/25/2020,2.2795,2.49,2.1703,2.2661,3597681.61,,,,,
11/26/2020,2.2653,2.3101,1.7212,1.9111,6803274.72,,,,,
11/27/2020,1.9117,2.04,1.7694,1.861,1802241.32,,,,,
11/28/2020,1.8644,1.94,1.8016,1.8868,1381390.77,,,,,
11/29/2020,1.8858,1.947,1.85,1.9153,862711.64,,,,,
11/30/2020,1.9184,2.0182,1.9034,1.9665,1094620.01,,,,,
12/1/2020,1.9641,2.1404,1.9168,1.9738,2102911.64,,,,,
12/2/2020,1.9702,2.2098,1.9333,2.1209,2203748.48,,,,,
12/3/2020,2.119,2.2279,2.074,2.0967,3182362.33,,,,,
12/4/2020,2.0967,2.1123,1.836,1.8535,1424943.39,,,,,
12/5/2020,1.8507,1.983,1.82,1.9795,1087998.4,,,,,
12/6/2020,1.9795,1.9907,1.7956,1.8505,1125736.37,,,,,
12/7/2020,1.8515,1.899,1.8088,1.8272,962743.7,,,,,
12/8/2020,1.8301,1.8301,1.6211,1.6631,2296665.59,,,,,
12/9/2020,1.66,1.6777,1.5,1.6592,2093499.32,,,,,
12/10/2020,1.6599,1.6664,1.5395,1.5683,1061425.89,,,,,
12/11/2020,1.5739,1.5774,1.4328,1.4389,1429080.75,,,,,
12/12/2020,1.4368,1.5382,1.4366,1.4912,1423640.73,,,,,
12/13/2020,1.4909,1.7,1.4578,1.5701,1749534.43,,,,,
12/14/2020,1.5651,1.6253,1.5224,1.5946,1503571.44,,,,,
12/15/2020,1.594,1.8039,1.5875,1.7586,3562068.86,,,,,
12/16/2020,1.7577,1.7919,1.6025,1.7829,3098111.32,,,,,
12/17/2020,1.78,1.8064,1.6382,1.68,2528060.41,,,,,
12/18/2020,1.6769,1.7077,1.6307,1.7014,1127224.49,,,,,
12/19/2020,1.6987,1.7677,1.6595,1.6707,1332107.96,,,,,
12/20/2020,1.6706,1.6889,1.521,1.5635,1368277.59,,,,,
12/21/2020,1.5605,1.62,1.49,1.5331,1265977.95,,,,,
12/22/2020,1.5354,1.5799,1.47,1.49,2035459.3,,,,,
12/23/2020,1.49,1.5126,1.0301,1.198,4351555.9,,,,,
12/24/2020,1.1987,1.3888,1.1652,1.3612,1784967.07,,,,,
12/25/2020,1.3641,1.4599,1.3417,1.4464,1391332.89,,,,,
12/26/2020,1.4488,1.4497,1.3118,1.3258,912192.33,,,,,
12/27/2020,1.324,1.417,1.2616,1.3037,2170898.45,,,,,
12/28/2020,1.3041,1.5223,1.2867,1.5172,2158620.57,,,,,
12/29/2020,1.5187,1.735,1.4388,1.6704,4870104.61,,,,,
12/30/2020,1.6734,1.6903,1.5235,1.535,2171296.28,,,,,
12/31/2020,1.5337,1.5523,1.42,1.5073,2169627.35,,,,,
1/1/2021,1.5088,1.86,1.499,1.8421,4421991.45,,,,,
1/2/2021,1.8421,2,1.7116,1.7999,5253819.62,,,,,
1/3/2021,1.7998,2.38,1.7973,2.1779,8318341.13,,,,,
1/4/2021,2.1789,2.4989,1.86,2.4909,7800814.8,,,,,
1/5/2021,2.4911,2.5093,2.0621,2.1636,6702006.99,,,,,
1/6/2021,2.1636,2.189,1.9017,1.9414,8451529.47,,,,,
1/7/2021,1.9404,2.65,1.9214,2.3635,30861006.24,,,,,
1/8/2021,2.3655,3.8,2.175,3.2214,29866396.67,,,,,
1/9/2021,3.212,3.6998,2.93,3.3829,9881188.65,,,,,
1/10/2021,3.3734,3.7517,3.1556,3.449,5819813.51,,,,,
1/11/2021,3.4455,3.5282,2.5795,3.1016,8755693.07,,,,,
1/12/2021,3.1016,3.88,3.058,3.6354,7075911.68,,,,,
1/13/2021,3.6354,3.637,3.2633,3.5242,5123655.8,,,,,
1/14/2021,3.5243,3.5955,3.1814,3.2921,6422109.73,,,,,
1/15/2021,3.2921,3.4489,2.9618,3.2475,4812542.83,,,,,
1/16/2021,3.2479,3.7081,3.2463,3.4247,8562549.63,,,,,
1/17/2021,3.4251,3.9876,3.3,3.8268,8531899.81,,,,,
1/18/2021,3.8243,4.17,3.6167,3.7868,6226924.77,,,,,
1/19/2021,3.7873,4.0498,3.6,3.6287,4768719.77,,,,,
1/20/2021,3.6288,3.7413,3.34,3.7166,4801640.28,,,,,
1/21/2021,3.7199,3.7411,2.9717,2.9899,4385838.62,,,,,
1/22/2021,2.9893,3.4992,2.5295,3.3352,6481502.65,,,,,
1/23/2021,3.3302,3.6,3.3056,3.5079,2269454.7,,,,,
1/24/2021,3.5018,3.79,3.4781,3.6278,2457759.67,,,,,
1/25/2021,3.6287,3.9928,3.4398,3.7038,6791542.33,,,,,
1/26/2021,3.7036,4.097,3.6478,4.041,6618303.9,,,,,
1/27/2021,4.0418,4.0422,3.5114,3.675,2491757.82,,,,,
1/28/2021,3.664,3.96,3.6,3.81,2055425.01,,,,,
1/29/2021,3.8092,3.912,3.6,3.8293,2992168.86,,,,,
1/30/2021,3.8301,4.3179,3.7667,4.228,3944655.04,,,,,
1/31/2021,4.228,4.805,4.154,4.2525,5438870.48,,,,,
2/1/2021,4.2568,4.617,4.1075,4.6148,2097052.47,,,,,
2/2/2021,4.6148,5.4026,4.4632,5.2331,5278922.61,,,,,
2/3/2021,5.243,5.783,5.0513,5.7311,3977458.72,,,,,
2/4/2021,5.7339,6.5426,5.5676,6.4085,5609382.39,,,,,
2/5/2021,6.4181,7.1438,6.4086,6.7005,4235525.49,,,,,
2/6/2021,6.7001,6.8181,5.7,6.1225,5040208.25,,,,,
2/7/2021,6.1219,6.8807,5.75,6.6976,5111066.89,,,,,
2/8/2021,6.6931,8.078,6.4554,7.855,6719151.08,,,,,
2/9/2021,7.8651,8.4945,7.55,7.8005,4803489.37,,,,,
2/10/2021,7.8005,9.09,7.26,9.09,4419421.79,,,,,
2/11/2021,9.0897,9.7425,8.72,9.2004,5694878.77,,,,,
2/12/2021,9.2058,9.93,9.0353,9.2,2867258.84,,,,,
2/13/2021,9.2007,9.5117,8.658,8.7441,3487478.68,,,,,
2/14/2021,8.7448,9.23,8.5293,8.7158,2889949.04,,,,,
2/15/2021,8.7234,9.38,7.7,8.8516,3424896.19,,,,,
2/16/2021,8.866,9,7.9601,8.3002,2257217.69,,,,,
2/17/2021,8.3035,8.45,7.5182,8.2357,3331645.44,,,,,
2/18/2021,8.2412,9.32,8.23,8.9771,2479859.19,,,,,
2/19/2021,8.988,11.85,8.5257,11.4912,7106323.06,,,,,
2/20/2021,11.4845,11.8327,9.754,9.9869,4731324.37,,,,,
2/21/2021,9.9849,11.6707,9.8101,11.0753,3694265.15,,,,,
2/22/2021,11.0738,14.8,9.1,14.4191,14711670.8,,,,,
2/23/2021,14.4176,15.8888,11.47,15.2244,24306320.76,,,,,
2/24/2021,15.2389,18.2052,14.7917,17.1691,10777544.75,,,,,
2/25/2021,17.1745,17.69,13.6579,13.8442,9520373.92,,,,,
2/26/2021,13.8565,15.5083,13.1,13.5962,8029513.17,,,,,
2/27/2021,13.5864,14.8359,13.01,13.1916,6232463.19,,,,,
2/28/2021,13.1853,13.7739,11.417,13.0887,7231344.75,,,,,
3/1/2021,13.08,15.5469,13.0102,14.9855,5511248.26,,,,,
3/2/2021,14.9989,15.25,13.3544,13.9438,4128426.11,,,,,
3/3/2021,13.9546,14.738,13.7018,14.0742,3277327.93,,,,,
3/4/2021,14.0936,14.2737,12.736,13.0508,2764372.37,,,,,
3/5/2021,13.0649,13.0992,12.1251,12.5382,2069391.25,,,,,
3/6/2021,12.5507,13.31,11.9,13.0421,3061674.23,,,,,
3/7/2021,13.0443,14.014,12.7049,13.8174,2999418.25,,,,,
3/8/2021,13.8174,13.906,12.996,13.6028,2116684.52,,,,,
3/9/2021,13.608,14.9921,13.1985,14.839,2594490.9,,,,,
3/10/2021,14.85,15.2118,14.0525,14.2048,1943926.1,,,,,
3/11/2021,14.2011,16.3222,13.67,16.031,4125742.57,,,,,
3/12/2021,16.0519,16.5,14.0803,14.5597,3678388.38,,,,,
3/13/2021,14.5532,15.4072,13.8439,15.3033,2632320.37,,,,,
3/14/2021,15.2902,15.376,14.3399,14.4605,1750244.94,,,,,
3/15/2021,14.461,14.8214,13.6179,14.1577,2020949.93,,,,,
3/16/2021,14.1586,14.2933,13.1389,13.6392,2501657.49,,,,,
3/17/2021,13.6379,14.2685,13.0326,14.2018,1703006.56,,,,,
3/18/2021,14.1987,14.75,13.957,14.204,1576671.71,,,,,
3/19/2021,14.2153,14.4883,13.8554,14.1552,1461762.29,,,,,
3/20/2021,14.1588,14.9793,14.09,14.1894,1393209.56,,,,,
3/21/2021,14.1788,14.3636,13.638,14.3372,1191850.82,,,,,
3/22/2021,14.3372,16.59,14.1697,14.7964,5102991.54,,,,,
3/23/2021,14.7962,15.227,14.0146,14.1552,2004427.43,,,,,
3/24/2021,14.1433,15.3719,13.5842,13.5973,2317339.72,,,,,
3/25/2021,13.5844,13.7329,12.47,12.9787,2292323.1,,,,,
3/26/2021,12.9789,14.7921,12.3043,14.7664,2972281.77,,,,,
3/27/2021,14.7751,16.8,14.7173,16.4589,4053893.7,,,,,
3/28/2021,16.4516,19.38,16.3049,18.0645,7200727.49,,,,,
3/29/2021,18.0645,19,17.6439,18.9504,3064381.78,,,,,
3/30/2021,18.9504,20.87,18.9105,19.0685,3808354.1,,,,,
3/31/2021,19.0645,19.8154,18,19.3861,2784733.45,,,,,
4/1/2021,19.3818,20.3583,18.7433,19.0443,2230609.34,,,,,
4/2/2021,19.0443,19.8003,18.345,19.7501,1773300.55,,,,,
4/3/2021,19.7513,23.8476,19.7228,22.5,6266319.5,,,,,
4/4/2021,22.4672,25.5309,21.9867,23.7755,5274539.83,,,,,
4/5/2021,23.7755,24.78,22.7664,22.9717,2821214.21,,,,,
4/6/2021,22.9876,25.3,21.7554,25.0548,3326493.23,,,,,
4/7/2021,25.0548,27.5203,22.9078,26.5385,7815658.63,,,,,
4/8/2021,26.537,27.9951,25.6431,26.9384,4209553.61,,,,,
4/9/2021,26.9261,29,26.7097,27.6172,3037133.3,,,,,
4/10/2021,27.6194,28.2948,25.9017,26.8021,2705997.06,,,,,
4/11/2021,26.7993,28.649,25.5131,27.8517,2517685.81,,,,,
4/12/2021,27.8598,29.9295,26.8049,28.5424,2842013.26,,,,,
4/13/2021,28.5266,28.8162,26.2616,27.4507,2275774.43,,,,,
4/14/2021,27.4571,27.5613,24.7,26.4067,3623963.28,,,,,
4/15/2021,26.4182,28.2,25.4479,27.7816,2146653.64,,,,,
4/16/2021,27.7946,28.2571,24.8547,25.2996,2673912.32,,,,,
4/17/2021,25.2926,26.7914,24.8181,24.85,2442737.39,,,,,
4/18/2021,24.8517,32.99,21.1,32.3358,11699397.05,,,,,
4/19/2021,32.3324,36.095,29.8066,31.4711,12075270.9,,,,,
4/20/2021,31.5303,32.8,28.81,31.7028,7036100.92,,,,,
4/21/2021,31.6939,35.1801,30.1101,32.5534,6573327.09,,,,,
4/22/2021,32.5965,41.1587,31.4586,38.9,14017530.86,,,,,
4/23/2021,38.8718,41.74,31.4936,37.3893,14705148.48,,,,,
4/24/2021,37.3018,43.6397,34.5861,40.8401,9722785.06,,,,,
4/25/2021,40.8525,48.644,40.572,47.405,11964753.8,,,,,
4/26/2021,47.395,48.499,43.267,43.878,11079170.6,,,,,
4/27/2021,43.884,46.606,42.5,43.147,7101848.718,,,,,
4/28/2021,43.147,46.962,40.516,44.833,7855066.319,,,,,
4/29/2021,44.831,46.233,40.906,42.484,5805381.221,,,,,
4/30/2021,42.452,44.313,41.21,42.786,3302673.311,,,,,
5/1/2021,42.786,49.88,42.001,49.67,5804048.045,,,,,
5/2/2021,49.646,49.99,45.904,46.897,3794411.245,,,,,
5/3/2021,46.926,49,44.774,45.912,3686007.369,,,,,
5/4/2021,45.935,47.81,42.26,42.636,4180557.381,,,,,
5/5/2021,42.636,46,42.305,44.98,2772821.523,,,,,
5/6/2021,44.965,44.98,42.55,43.496,2337263.012,,,,,
5/7/2021,43.496,46.243,41.42,43.182,3259646.399,,,,,
5/8/2021,43.154,46.65,42.275,45.612,2539093.011,,,,,
5/9/2021,45.632,47.15,42.6,44.33,3095018.717,,,,,
5/10/2021,44.33,45.89,39,42.854,2869549.017,,,,,
5/11/2021,42.868,45.18,39.7,44.538,2758407.694,,,,,
5/12/2021,44.579,49.243,42.18,43.709,7592760.128,,,,,
5/13/2021,43.394,45.501,37.43,41.049,7162647.061,,,,,
5/14/2021,41.051,44.897,39.901,42.7,3421838.277,,,,,
5/15/2021,42.697,45.5,39.305,43.486,3357108.617,,,,,
5/16/2021,43.462,52.6,41.602,46.85,13162867.43,,,,,
5/17/2021,46.85,51.985,43.01,46.708,13839076.48,,,,,
5/18/2021,46.747,58.38,46.051,55.977,12538546.7,,,,,
5/19/2021,55.969,57.691,26.5,34.988,22259967.85,,,,,
5/20/2021,34.987,53,32,44.42,17869805.91,,,,,
5/21/2021,44.367,47.7,33.673,38.925,13740700.64,,,,,
5/22/2021,38.925,40,31.134,31.222,10122098.01,,,,,
5/23/2021,31.222,32.4,19.117,24.536,25787150.86,,,,,
5/24/2021,24.53,32.19,24.496,31.416,15414302.32,,,,,
5/25/2021,31.42,33.195,25.915,29.973,10300933.61,,,,,
5/26/2021,29.985,37.25,28.858,35.43,10601343.23,,,,,
5/27/2021,35.427,35.594,30.976,33.747,5698854.676,,,,,
5/28/2021,33.761,34.551,28,28.989,6370726.751,,,,,
5/29/2021,28.993,30.066,25.7,27.388,3911549.6,,,,,
5/30/2021,27.407,29.781,25.586,28.588,3964240.919,,,,,
5/31/2021,28.573,33.014,27.489,32.75,5173286.471,,,,,
6/1/2021,32.759,33.285,29.852,30.938,4046865.202,,,,,
6/2/2021,30.931,35.129,30.402,33.994,4549289.133,,,,,
6/3/2021,33.994,41.523,33.736,39.602,7862225.094,,,,,
6/4/2021,39.599,39.737,34.187,37.338,8825815.938,,,,,
6/5/2021,37.356,42.787,36.982,39.633,8654823.195,,,,,
6/6/2021,39.663,43.4,38.912,42.205,6151664.294,,,,,
6/7/2021,42.2,44.2,37.8,38.235,8050031.335,,,,,
6/8/2021,38.2,42.596,33.6,41.245,16902544.68,,,,,
6/9/2021,41.245,44,39.291,42.032,10764252.94,,,,,
6/10/2021,42.032,43.097,39.459,41.105,5155108.071,,,,,
6/11/2021,41.091,41.376,35.074,36.157,4760990.078,,,,,
6/12/2021,36.131,37.64,34.1,36.476,5196242.998,,,,,
6/13/2021,36.492,39.442,34.72,38.706,4063329.112,,,,,
6/14/2021,38.713,40.561,36.627,39.694,4590144.279,,,,,
6/15/2021,39.7,41.741,39.154,39.536,3725999.561,,,,,
6/16/2021,39.513,41.75,37.455,39.728,5055331.868,,,,,
6/17/2021,39.73,41.264,38.211,39.265,3274621.978,,,,,
6/18/2021,39.259,39.502,34.898,36.82,3777138.806,,,,,
6/19/2021,36.802,37.318,34.901,35.19,2216638.028,,,,,
6/20/2021,35.195,35.949,31.3,35.257,3938821.53,,,,,
6/21/2021,35.248,35.499,25.925,26.59,8213916.627,,,,,
6/22/2021,26.597,28.813,20.187,26.958,15788825.96,,,,,
6/23/2021,26.957,32.9,25.626,30.837,11966311.25,,,,,
6/24/2021,30.835,33,28.481,31.141,7214092.912,,,,,
6/25/2021,31.144,32.989,27.949,28.641,7293143.176,,,,,
6/26/2021,28.619,30.181,26.659,29.698,6492984.234,,,,,
6/27/2021,29.691,31.95,29.186,31.897,5851211.914,,,,,
6/28/2021,31.883,34.34,30.961,33.001,4996728.013,,,,,
6/29/2021,33.018,35.837,32.665,33.97,4476285.792,,,,,
6/30/2021,33.974,36,31.555,35.51,5361423.665,,,,,
7/1/2021,35.51,35.567,32.17,33.271,4488924.899,,,,,
7/2/2021,33.27,34.217,31.367,34,4324198.276,,,,,
7/3/2021,34.001,35.406,33.217,34.498,3063406.141,,,,,
7/4/2021,34.497,35.531,33.533,34.28,2972213.418,,,,,
7/5/2021,34.278,34.49,32.37,32.908,3008984.082,,,,,
7/6/2021,32.908,35.041,32.883,34.226,3289698.061,,,,,
7/7/2021,34.221,38.1,33.82,36.673,4609258.553,,,,,
7/8/2021,36.667,36.934,32.654,33.142,4495022.54,,,,,
7/9/2021,33.134,34.46,31.976,33.315,2810263.602,,,,,
7/10/2021,33.315,34.215,31.025,31.693,2838074.586,,,,,
7/11/2021,31.716,32.568,31.3,32.182,1944815.804,,,,,
7/12/2021,32.173,32.696,30.011,30.77,2251239.269,,,,,
7/13/2021,30.77,31.096,28.81,29.136,1837132.436,,,,,
7/14/2021,29.154,31.5,27.363,31.365,3434185.178,,,,,
7/15/2021,31.365,31.485,27.975,28.545,3643011.529,,,,,
7/16/2021,28.562,29.478,26.196,26.271,2923575.792,,,,,
7/17/2021,26.269,27.836,25.979,26.802,2122389.101,,,,,
7/18/2021,26.789,27.756,26.233,26.673,1727601.788,,,,,
7/19/2021,26.679,26.71,23.975,24.509,3131177.977,,,,,
7/20/2021,24.524,24.982,22.1,23.474,3555428.542,,,,,
7/21/2021,23.484,27.461,22.8,26.7,4561993.007,,,,,
7/22/2021,26.706,28.17,25.91,27.699,2643783.144,,,,,
7/23/2021,27.7,28.713,26.385,28.516,3040520.321,,,,,
7/24/2021,28.53,29.548,28.013,28.616,2678108.81,,,,,
7/25/2021,28.626,28.898,26.5,28.248,2350991.534,,,,,
7/26/2021,28.247,31.115,27.83,28.184,6221691.897,,,,,
7/27/2021,28.183,28.95,26.893,28.103,3008374.757,,,,,
7/28/2021,28.119,28.76,27.354,27.875,2329901.559,,,,,
7/29/2021,27.891,31.888,27.319,31.235,3692050.445,,,,,
7/30/2021,31.238,33.084,29.91,32.354,4970660.009,,,,,
7/31/2021,32.354,37.004,31.653,36.744,4320145.537,,,,,
8/1/2021,36.742,36.822,33.165,34.165,3490975.158,,,,,
8/2/2021,34.178,35.95,33,33.167,3105881.294,,,,,
8/3/2021,33.177,35.9,32.327,34.105,3490191.638,,,,,
8/4/2021,34.094,36.658,33.236,35.76,2847838.669,,,,,
8/5/2021,35.757,38.267,35.5,37.353,4059371.083,,,,,
8/6/2021,37.354,40.4,35.611,39.525,3951317.574,,,,,
8/7/2021,39.502,40.5,37.502,39.469,3561767.701,,,,,
8/8/2021,39.454,39.549,36.896,37.65,2030535.723,,,,,
8/9/2021,37.653,39.999,36.351,38.646,2128198.741,,,,,
8/10/2021,38.646,41.678,38.183,40.64,2603195.665,,,,,
8/11/2021,40.639,43.729,40.605,41.621,2512250.555,,,,,
8/12/2021,41.619,43.401,39.316,41.102,2413664.412,,,,,
8/13/2021,41.105,44.911,40.668,44.83,2281339.99,,,,,
8/14/2021,44.859,44.874,42.727,44.14,1548818.722,,,,,
8/15/2021,44.124,54.8,43.361,53.531,6264283.565,,,,,
8/16/2021,53.515,69.132,52.269,62.016,15014364.93,,,,,
8/17/2021,62.042,75.155,58.822,64.123,14953825.95,,,,,
8/18/2021,64.135,80.5,59.722,72.663,15022132.45,,,,,
8/19/2021,72.659,75.436,68.24,72.764,7819221.598,,,,,
8/20/2021,72.8,80,70.873,78.643,5705076.722,,,,,
8/21/2021,78.684,82,72.6,73.801,5131799.362,,,,,
8/22/2021,73.852,77.6,71.244,72.775,2862187.053,,,,,
8/23/2021,72.751,76.81,71.545,75.623,4150780.595,,,,,
8/24/2021,75.647,79.45,68.5,70.527,6792636.137,,,,,
8/25/2021,70.519,72.83,66.03,71.973,5069064.804,,,,,
8/26/2021,71.982,78.3,66.2,74.92,6563670.747,,,,,
8/27/2021,74.92,88.92,72.55,87.98,8785637.093,,,,,
8/28/2021,87.98,97.82,85.59,96.22,5774371.258,,,,,
8/29/2021,96.17,97.82,90.3,94.23,4171861.65,,,,,
8/30/2021,94.23,116.84,93.58,110.25,11109542.62,,,,,
8/31/2021,110.26,130.11,103.06,108.27,16509565.59,,,,,
9/1/2021,108.27,119.72,105.89,110.71,8028303.79,,,,,
9/2/2021,110.71,131.96,109.18,128.23,9206853.472,,,,,
9/3/2021,128.2,148.99,128.12,146.4,11927061.37,,,,,
9/4/2021,146.36,150.6,135.73,138.88,6134062.526,,,,,
9/5/2021,138.88,144.99,134.74,142,4619885.42,,,,,
9/6/2021,141.98,166.13,136.92,164.22,8435542.353,,,,,
9/7/2021,164.19,195.48,128.01,173.46,24376489.01,,,,,
9/8/2021,173.49,198,146.5,191.02,16666845.8,,,,,
9/9/2021,191.02,216,180.7,187.9,16349677.82,,,,,
9/10/2021,187.89,197.41,167.82,179.6,9055410.7,,,,,
9/11/2021,179.6,193.51,175.14,179.04,6794663.25,,,,,
9/12/2021,179.05,181.75,170.15,174.29,3661211.64,,,,,
9/13/2021,174.31,175,150.3,169.53,8423839.46,,,,,
9/14/2021,169.54,171.83,142.6,158.88,7981396.52,,,,,
9/15/2021,158.72,166.5,153.69,158.79,6107319.6,,,,,
9/16/2021,158.77,163.5,147.35,152.29,4739595.73,,,,,
9/17/2021,152.3,153.55,134,147.58,7629925.55,,,,,
9/18/2021,147.59,171.47,144.1,169.22,8229799.94,,,,,
9/19/2021,169.22,170.96,150.6,152.76,4945800.1,,,,,
9/20/2021,152.78,153.43,130.26,132.77,10153368.71,,,,,
9/21/2021,132.77,144.64,116,124.29,9608867.72,,,,,
9/22/2021,124.3,151.36,122.1,148.02,7460596.34,,,,,
9/23/2021,148.02,152.5,142.92,149.91,5188932.77,,,,,
9/24/2021,149.9,151.2,128.15,139.13,6710404.45,,,,,
9/25/2021,139.11,144.18,133.54,136.06,3212733.31,,,,,
9/26/2021,136.05,140.81,124.8,135.64,4342156.13,,,,,
9/27/2021,135.7,148.92,133.72,136.35,5195624.27,,,,,
9/28/2021,136.34,139.4,128.17,132.2,3899945.58,,,,,
9/29/2021,132.22,140.17,131.12,135.25,3685498.28,,,,,
9/30/2021,135.24,142.95,134.02,141.37,3361454.58,,,,,
10/1/2021,141.38,164.95,138.25,161.56,6742166.88,,,,,
10/2/2021,161.62,175,156.06,168.98,5059987.02,,,,,
10/3/2021,169,177.79,165.58,172.98,4233767.25,,,,,
10/4/2021,172.99,173.34,162,167.13,4312499.92,,,,,
10/5/2021,167.13,170.18,159.68,164.62,3378441.71,,,,,
10/6/2021,164.64,165.42,150.1,153.87,4499161.76,,,,,
10/7/2021,153.9,161.42,150.34,154.26,3251376.58,,,,,
10/8/2021,154.26,168.97,152.39,158.86,3735085.38,,,,,
10/9/2021,158.88,161.54,154.18,156.84,1833309.02,,,,,
10/10/2021,156.8,158.5,145.55,147.55,2037895.69,,,,,
10/11/2021,147.56,154,140.24,144.77,2211323.14,,,,,
10/12/2021,144.79,153.5,137.61,152.32,3377483.32,,,,,
10/13/2021,152.35,155.56,144.28,148.04,2760546,,,,,
10/14/2021,148.05,155.65,147.27,150.02,2654600.61,,,,,
10/15/2021,150.01,165.75,146.68,163.18,5388612.07,,,,,
10/16/2021,163.15,164.8,156.36,157.54,1985241.59,,,,,
10/17/2021,157.54,167.65,153.13,160.12,3070422.13,,,,,
10/18/2021,160.11,162.98,154.91,157.12,2240606.17,,,,,
10/19/2021,157.12,159.45,153.06,155.78,1821550.17,,,,,
10/20/2021,155.77,176.87,155,176.72,3884374.7,,,,,
10/21/2021,176.72,194.21,176.7,190.5,7853710.77,,,,,
10/22/2021,190.46,215.1,187.96,196.29,8364239.42,,,,,
10/23/2021,196.29,205.78,191.86,197.75,3274703.05,,,,,
10/24/2021,197.75,204.86,185.22,202.14,3573960.26,,,,,
10/25/2021,202.15,218.93,198,209.7,4914479.29,,,,,
10/26/2021,209.73,214.2,196.36,199.85,3168707.16,,,,,
10/27/2021,199.87,205.49,176.94,184.49,5003626.21,,,,,
10/28/2021,184.45,201.38,181.64,195.42,3503774.6,,,,,
10/29/2021,195.37,205.22,194.45,200.41,2484214.02,,,,,
10/30/2021,200.36,200.62,187.3,195.7,1609573.37,,,,,
10/31/2021,195.69,205,185.31,202.49,2375757.35,,,,,
11/1/2021,202.53,211.66,197.7,203.9,3150076.28,,,,,
11/2/2021,203.91,222.22,200.97,220.82,2876704.542,,,,,
11/3/2021,220.81,247,215.69,243.37,5253716.352,,,,,
11/4/2021,243.37,250.5,234,247.07,3552648.58,,,,,
11/5/2021,247.06,248.84,230.34,236.06,2233800.23,,,,,
11/6/2021,236.04,259.9,234.79,258.44,3046062.46,,,,,
11/7/2021,258.41,258.66,245.65,249.68,1923092.87,,,,,
11/8/2021,249.62,253.3,240.68,248.26,2301351.76,,,,,
11/9/2021,248.27,253.22,237.62,239.04,2217088.06,,,,,
11/10/2021,239.06,248,217.5,233.09,3092477.23,,,,,
11/11/2021,233.06,246.5,229.4,233.37,1997993.9,,,,,
11/12/2021,233.34,239.09,220.83,228.48,2114721.23,,,,,
11/13/2021,228.46,241.97,224.79,241.59,1458387.39,,,,,
11/14/2021,241.58,242,230.4,238.64,1075144.87,,,,,
11/15/2021,238.63,246.36,234.49,238.2,1921128.24,,,,,
11/16/2021,238.18,238.21,213.81,219.04,2557623.67,,,,,
11/17/2021,219.09,222.44,209.53,218.94,2094790.54,,,,,
11/18/2021,218.9,222.78,186.5,195.01,3077799.94,,,,,
11/19/2021,195.19,219.59,188.99,215.25,2712585.78,,,,,
11/20/2021,215.25,221.17,205.84,217.63,1560552.25,,,,,
11/21/2021,217.64,240,210.53,230.51,1888280.05,,,,,
11/22/2021,230.56,231.99,211.6,215.59,2456703.81,,,,,
11/23/2021,215.58,226.08,210.91,221.75,1654017.24,,,,,
11/24/2021,221.76,222.47,200.14,205.7,1878172.55,,,,,
11/25/2021,205.76,216.35,201.93,209.97,1764837.19,,,,,
11/26/2021,209.94,210.53,182.7,192.42,2776105.44,,,,,
11/27/2021,192.37,199.39,190.61,192.74,1028955.27,,,,,
11/28/2021,192.74,202.1,180.93,200.69,1560980.85,,,,,
11/29/2021,200.71,212.75,199.63,204.09,1458763.57,,,,,
11/30/2021,204.1,218.28,199.55,208.53,2176734.39,,,,,
12/1/2021,208.52,232.63,207.89,229.81,2589478.23,,,,,
12/2/2021,229.81,243.12,220,233.6,3042712.67,,,,,
12/3/2021,233.59,239.37,204.68,211.65,2867134.41,,,,,
12/4/2021,211.65,212.62,169,200.67,4895759.09,,,,,
12/5/2021,200.68,204.51,181.44,196.43,2482292.26,,,,,
12/6/2021,196.49,197.71,176.17,193.56,2815245.83,,,,,
12/7/2021,193.57,204.1,187.26,190.19,1939707.91,,,,,
12/8/2021,190.24,196.27,183.5,194.61,1670677.66,,,,,
12/9/2021,194.61,196.6,178.64,181.11,1664934.25,,,,,
12/10/2021,181.08,184.6,167,167.39,1862906.9,,,,,
12/11/2021,167.39,173.8,161.33,172.15,1541656.11,,,,,
12/12/2021,172.15,176.85,167.64,172.8,976615.96,,,,,
12/13/2021,172.83,172.83,148.04,155.21,2470231.82,,,,,
12/14/2021,155.2,163.35,149.6,161.26,2151408.98,,,,,
12/15/2021,161.25,182.64,156.81,178.52,3328550.89,,,,,
12/16/2021,178.53,189,174.37,176.86,2482901.38,,,,,
12/17/2021,176.89,182.5,167.88,175.51,2308612.94,,,,,
12/18/2021,175.48,184.24,170.96,182.78,1218448.99,,,,,
12/19/2021,182.78,189.43,177.99,179.93,1217882.6,,,,,
12/20/2021,179.9,181.18,168.49,173.9,1448185.8,,,,,
12/21/2021,173.9,182.54,170.27,179.63,1302766.6,,,,,
12/22/2021,179.62,187.55,177.05,178.4,1379639.45,,,,,
12/23/2021,178.38,193.5,175.64,190.03,1726907.3,,,,,
12/24/2021,190.08,197.55,184.14,190.36,1657463.56,,,,,
12/25/2021,190.37,195,189.08,193.1,1047151.86,,,,,
12/26/2021,193.03,200.59,190.22,197.81,1539530.03,,,,,
12/27/2021,197.85,204.75,194.71,195.67,1218499.7,,,,,
12/28/2021,195.68,195.68,176.2,177.32,1997243.2,,,,,
12/29/2021,177.28,180.62,170.01,170.63,1540603.75,,,,,
12/30/2021,170.65,175.74,168.17,172.52,1022709.31,,,,,
12/31/2021,172.53,177.65,167.67,169.99,1026603.34,,,,,
1/1/2022,170.01,179.2,169.93,179.06,634599.39,,,,,
1/2/2022,179.06,179.53,174.31,176.35,620087.38,,,,,
1/3/2022,176.34,176.49,166.59,170.15,1031316.43,,,,,
1/4/2022,170.14,173.93,166.47,167.72,1041332.63,,,,,
1/5/2022,167.74,171.32,144.92,154.52,1659848.17,,,,,
1/6/2022,154.48,154.8,145.98,150.26,1575071.3,,,,,
1/7/2022,150.28,150.72,133.08,136.45,2719397.3,,,,,
1/8/2022,136.43,148.11,133,142.14,2695415.51,,,,,
1/9/2022,142.1,145.71,137.83,140.82,1435153.15,,,,,
1/10/2022,140.82,143.86,130,135.86,1894512.51,,,,,
1/11/2022,135.84,143.5,133.58,140.2,1328579.57,,,,,
1/12/2022,140.19,153.39,138.22,151.51,1946788.76,,,,,
1/13/2022,151.5,157.8,145.41,146.14,1984121.59,,,,,
1/14/2022,146.13,150.56,141.84,146.17,1428145.3,,,,,
1/15/2022,146.18,149.49,143.9,147.64,865014.75,,,,,
1/16/2022,147.61,151.96,146.09,147.98,964270.14,,,,,
1/17/2022,147.98,148.29,137.02,139.8,1297654.14,,,,,
1/18/2022,139.81,142.77,134.39,141.22,1254337.17,,,,,
1/19/2022,141.32,142.7,132.77,135.25,1175171.39,,,,,
1/20/2022,135.23,143.83,126.01,127.54,1464593.98,,,,,
1/21/2022,127.54,128.73,106.11,112.27,4523020.69,,,,,
1/22/2022,112.24,114.89,87.73,94.54,6455608.98,,,,,
1/23/2022,94.57,104.82,93.25,99.78,3561751.04,,,,,
1/24/2022,99.74,99.83,80.83,91.93,6990036.71,,,,,
1/25/2022,91.94,99.95,87.41,94.67,3482711.32,,,,,
1/26/2022,94.65,104.43,89.19,92.12,4501340.69,,,,,
1/27/2022,92.11,94.6,85.71,89.51,3530017.76,,,,,
1/28/2022,89.51,93.55,87.21,91.34,2647317.17,,,,,
1/29/2022,91.35,98.93,90.5,96.13,2050891.76,,,,,
1/30/2022,96.15,97.6,91.38,93.29,1258037.51,,,,,
1/31/2022,93.26,101.4,89.18,99.49,2414101.55,,,,,
2/1/2022,99.5,113.66,99.02,110.02,4190507.65,,,,,
2/2/2022,109.99,112.35,96.99,101.88,4863358.1,,,,,
2/3/2022,101.91,103.13,94,101.77,3886563.56,,,,,
2/4/2022,101.83,112.81,100.28,112.62,4186388.28,,,,,
2/5/2022,112.63,118.6,110.22,113.75,2649019.14,,,,,
2/6/2022,113.74,116.06,111.09,115.28,1561795.12,,,,,
2/7/2022,115.26,121.93,112.69,117.55,2730695.8,,,,,
2/8/2022,117.57,120.36,109.66,113.45,2811497.5,,,,,
2/9/2022,113.44,117.08,109.4,113.93,2114411.38,,,,,
2/10/2022,113.96,115.38,105.68,106.17,2781581.77,,,,,
2/11/2022,106.18,108.14,95.14,96.53,2537227.68,,,,,
2/12/2022,96.53,99.79,92.8,95.96,1803930.67,,,,,
2/13/2022,95.98,97.36,91.35,92.85,1216083.38,,,,,
2/14/2022,92.85,97.99,90.72,96.37,1792721.3,,,,,
2/15/2022,96.39,105.77,96.38,105.52,2362223.45,,,,,
2/16/2022,105.52,105.6,98.27,101.86,2123159.11,,,,,
2/17/2022,101.85,102.82,92.33,93.52,2001081.3,,,,,
2/18/2022,93.55,96.37,89.31,89.86,2010076.65,,,,,
2/19/2022,89.86,92.75,88.6,91.27,1285578.14,,,,,
2/20/2022,91.27,94.5,85.56,90.72,2559473.54,,,,,
2/21/2022,90.7,96.14,82.62,82.96,4063082.8,,,,,
2/22/2022,82.95,87.56,81.06,86.38,2835554.36,,,,,
2/23/2022,86.39,93.4,84.38,84.59,3193694.1,,,,,
2/24/2022,84.58,93.9,75.35,89.36,7497540.08,,,,,
2/25/2022,89.35,95,86.86,92.71,3691896.58,,,,,
2/26/2022,92.73,95.49,89.23,90.23,2279602.17,,,,,
2/27/2022,90.25,92.19,84.08,85.63,2593533.97,,,,,
2/28/2022,85.61,103,84.17,99.68,4212075.57,,,,,
3/1/2022,99.67,102.03,94.21,98.66,3665336.76,,,,,
3/2/2022,98.65,106.43,96.76,100.68,4306326.64,,,,,
3/3/2022,100.69,101.7,94,95.62,2595560.67,,,,,
3/4/2022,95.63,95.94,87,88.32,2854970.19,,,,,
3/5/2022,88.33,91.22,86,89.63,1495553.5,,,,,
3/6/2022,89.61,89.96,84.09,84.57,1828270.57,,,,,
3/7/2022,84.58,86.71,79.92,81.66,3230989.34,,,,,
3/8/2022,81.65,85.04,81.3,82.32,2604534.79,,,,,
3/9/2022,82.32,89.92,81.9,88.06,3355218.73,,,,,
3/10/2022,88.06,88.57,80.63,82.87,2828491.21,,,,,
3/11/2022,82.86,84.29,80.07,80.67,2528334.85,,,,,
3/12/2022,80.67,82.75,80.57,81.38,1362268.13,,,,,
3/13/2022,81.4,83.34,77.65,78.73,2009434.97,,,,,
3/14/2022,78.72,82.29,78,81.22,2079919.39,,,,,
3/15/2022,81.23,85.99,78.72,82.84,2123603.37,,,,,
3/16/2022,82.84,87.98,81.53,87.77,2638790.33,,,,,
3/17/2022,87.77,91,86.58,87.8,2616451.8,,,,,
3/18/2022,87.8,92.28,84.41,89.8,2935949.01,,,,,
3/19/2022,89.81,94.55,89.25,92.31,2058348.96,,,,,
3/20/2022,92.31,92.55,87.82,88.62,1500458.29,,,,,
3/21/2022,88.62,91.28,86.74,88.59,1985082.57,,,,,
3/22/2022,88.58,93.98,88,90.43,2611345.56,,,,,
3/23/2022,90.44,96.36,89.19,94.89,2854825.2,,,,,
3/24/2022,94.88,103.7,93.26,102.32,4777008.51,,,,,
3/25/2022,102.32,104.86,96.95,98.6,3360440.57,,,,,
3/26/2022,98.6,103.4,97.63,101.73,1906343.44,,,,,
3/27/2022,101.73,107.46,98.77,107.04,2351080.64,,,,,
3/28/2022,107.04,113.87,105.22,105.75,4146023.22,,,,,
3/29/2022,105.75,115.7,105.49,111.62,3727259.92,,,,,
3/30/2022,111.62,125.26,107.11,120.82,5250424.16,,,,,
3/31/2022,120.82,129.5,119.95,122.77,5143974.9,,,,,
4/1/2022,122.79,138.4,117.39,134.52,5505077.63,,,,,
4/2/2022,134.53,143.51,131.47,132.49,4193984.2,,,,,
4/3/2022,132.48,141.11,130.52,136.9,2964507.05,,,,,
4/4/2022,136.9,138.29,125.82,132.14,3456901.43,,,,,
4/5/2022,132.14,136.63,126.07,126.87,2833885.54,,,,,
4/6/2022,126.88,127.4,112.1,112.95,4266870.2,,,,,
4/7/2022,112.94,120,110.88,118.48,3326346.75,,,,,
4/8/2022,118.47,122.42,108.1,109.92,3328966.49,,,,,
4/9/2022,109.92,113.69,108.28,112.96,1376896.77,,,,,
4/10/2022,112.97,116.09,109.71,111.07,1560720.04,,,,,
4/11/2022,111.06,111.94,98.1,99.67,3332133.13,,,,,
4/12/2022,99.64,109.36,98.31,103.22,3527634.19,,,,,
4/13/2022,103.21,106.04,100.09,104.94,2204306.4,,,,,
4/14/2022,104.92,107.72,98.77,100.77,2711073.76,,,,,
4/15/2022,100.77,102.91,99.55,101.31,1384490.37,,,,,
4/16/2022,101.38,103.5,100.71,102.06,1006216.36,,,,,
4/17/2022,102.06,105.44,99.62,100.15,1509800.04,,,,,
4/18/2022,100.15,102.65,94.62,102.33,2751434.83,,,,,
4/19/2022,102.37,109,101.02,108.51,2675360.43,,,,,
4/20/2022,108.51,110.9,104.25,105.59,2768156.81,,,,,
4/21/2022,105.58,110,99.86,101.78,2671646.36,,,,,
4/22/2022,101.78,103.55,99.19,100.55,1777613.85,,,,,
4/23/2022,100.55,102.9,98.31,100.63,1081628.14,,,,,
4/24/2022,100.63,102.31,98.55,99.23,1064136.15,,,,,
4/25/2022,99.22,101.59,94.32,100.99,2317293.8,,,,,
4/26/2022,100.98,101.98,94.61,95.7,1897735.14,,,,,
4/27/2022,95.7,100.79,94.89,98.36,1833742.63,,,,,
4/28/2022,98.35,100.55,96.33,98.24,1849394.04,,,,,
4/29/2022,98.23,98.68,92.35,93.96,1736234.87,,,,,
4/30/2022,93.96,94.95,81.91,84.63,1829537.27,,,,,
5/1/2022,84.63,93.12,84.15,89.68,2353897.93,,,,,
5/2/2022,89.67,90.89,85.1,87.5,1915805.97,,,,,
5/3/2022,87.49,88.81,84.66,85.86,1562366.45,,,,,
5/4/2022,85.86,93.06,85.47,92.77,2246070.16,,,,,
5/5/2022,92.77,95.25,81.32,84.52,3311421.92,,,,,
5/6/2022,84.52,84.84,79.98,81.68,2607225.81,,,,,
5/7/2022,81.67,82.33,77.03,78.86,1906773.25,,,,,
5/8/2022,78.86,79.41,73.69,75.38,2736836.4,,,,,
5/9/2022,75.39,77.21,61.7,62.16,5846036.682,,,,,
5/10/2022,62.16,74.03,60.13,66.9,7855041.331,,,,,
5/11/2022,66.9,68.44,43.17,50.9,11626123.02,,,,,
5/12/2022,50.9,54.29,37.37,44.64,13635820.47,,,,,
5/13/2022,44.64,56.99,43.83,48.92,8718594.5,,,,,
5/14/2022,48.93,53.91,45.81,52.43,5099487.21,,,,,
5/15/2022,52.43,59.31,49.63,58.83,3885558.77,,,,,
5/16/2022,58.83,58.83,51.89,53.79,5418221.63,,,,,
5/17/2022,53.8,58.22,53.04,57.02,4346066.59,,,,,
5/18/2022,57.01,57.85,49.38,49.93,4470848.03,,,,,
5/19/2022,49.93,54.09,48.2,52.2,4794335.94,,,,,
5/20/2022,52.2,53.62,47.81,49.43,4811635.67,,,,,
5/21/2022,49.42,51.21,48.43,50.31,1969104.94,,,,,
5/22/2022,50.3,53.2,49.69,52.48,2723718.45,,,,,
5/23/2022,52.48,54.68,48.61,49.17,4201654.88,,,,,
5/24/2022,49.17,50.85,47.1,49.67,3645448.65,,,,,
5/25/2022,49.67,50.55,47.57,47.98,3294918.76,,,,,
5/26/2022,47.97,48.66,41.69,43.44,7025986.74,,,,,
5/27/2022,43.44,43.95,39.93,41.17,7547814.8,,,,,
5/28/2022,41.18,45.08,40.33,44.25,4317517.06,,,,,
5/29/2022,44.24,45.67,41.79,44.98,4628871.1,,,,,
5/30/2022,44.98,48.39,44.27,47.22,5476313.14,,,,,
5/31/2022,47.22,48.24,44.56,45.77,4479536.73,,,,,
6/1/2022,45.78,46.12,39.51,40.11,4778696.94,,,,,
6/2/2022,40.11,41.65,38.13,40.85,5153870.27,,,,,
6/3/2022,40.86,41.54,37.63,38.28,4437324.64,,,,,
6/4/2022,38.28,39.5,35.71,39,3736176.79,,,,,
6/5/2022,39.02,40.22,37.85,38.52,3618511.38,,,,,
6/6/2022,38.53,44.87,38.33,42.39,6823258.3,,,,,
6/7/2022,42.39,42.8,37.12,39.31,7677286.83,,,,,
6/8/2022,39.32,40.96,38.28,38.83,3988154.3,,,,,
6/9/2022,38.83,41.97,38.44,39.96,4587327.75,,,,,
6/10/2022,39.96,40.9,36.8,37.17,4364643.34,,,,,
6/11/2022,37.17,37.93,33.17,33.93,4638154.317,,,,,
6/12/2022,33.94,34.5,30.56,30.61,6810748.104,,,,,
6/13/2022,30.6,31.11,26.05,28.6,13336972.47,,,,,
6/14/2022,28.59,32.32,25.86,29.59,11437619.27,,,,,
6/15/2022,29.59,34.86,26.79,34.76,12673444.09,,,,,
6/16/2022,34.75,36,29.52,30.12,10418712.66,,,,,
6/17/2022,30.12,32.19,29.26,30.71,6274370.5,,,,,
6/18/2022,30.72,32.06,27.15,32.02,9330644.34,,,,,
6/19/2022,32.01,35.4,28.68,34.19,9253122.78,,,,,
6/20/2022,34.19,36.9,31.73,35.24,8218146.8,,,,,
6/21/2022,35.25,39.19,34.2,36.42,7429098.76,,,,,
6/22/2022,36.42,36.87,33.65,34.12,6494707.01,,,,,
6/23/2022,34.13,38.65,33.91,38.15,7002610.45,,,,,
6/24/2022,38.15,42.92,37.67,41.91,6583046.23,,,,,
6/25/2022,41.91,42.64,39.73,42.22,4294211.07,,,,,
6/26/2022,42.22,42.49,39.14,39.39,4024143.84,,,,,
6/27/2022,39.39,41.25,37.9,38.52,4172937.4,,,,,
6/28/2022,38.5,39.9,35.02,35.35,5581335.85,,,,,
6/29/2022,35.34,36.12,33.1,34.05,5755278.44,,,,,
6/30/2022,34.06,34.2,30.92,33.76,5337105.46,,,,,
7/1/2022,33.76,35.4,31.82,32.84,6155756.76,,,,,
7/2/2022,32.85,34.14,31.87,33.36,2740500.19,,,,,
7/3/2022,33.36,33.77,32.14,33.39,2394572.39,,,,,
7/4/2022,33.4,36.94,32.45,36.71,4064615.13,,,,,
7/5/2022,36.71,36.99,33.03,35.4,6098472.04,,,,,
7/6/2022,35.41,37.65,34.8,37.04,5298552.9,,,,,
7/7/2022,37.04,39.29,36.39,38.46,4091777.28,,,,,
7/8/2022,38.46,39.72,36.46,38.12,5277992.76,,,,,
7/9/2022,38.12,38.95,37.77,38.06,2088073.86,,,,,
7/10/2022,38.06,38.14,36.26,36.71,2181587.6,,,,,
7/11/2022,36.71,36.73,33.24,33.42,2927967.37,,,,,
7/12/2022,33.42,34.61,32.6,32.68,3202970.4,,,,,
7/13/2022,32.69,35.08,31.82,34.94,4798032.13,,,,,
7/14/2022,34.94,37.31,33.58,37.15,5214767.02,,,,,
7/15/2022,37.14,39.1,36.49,37.36,4440629.04,,,,,
7/16/2022,37.36,40.41,36.35,39.58,3945225.2,,,,,
7/17/2022,39.59,41.09,38.29,38.62,3795951.41,,,,,
7/18/2022,38.61,44.07,38.55,43.52,6300282.95,,,,,
7/19/2022,43.52,47.36,42.54,44.87,7876651.82,,,,,
7/20/2022,44.87,46.3,41.24,42.04,6380441.74,,,,,
7/21/2022,42.03,44.24,39.64,43.11,6134099.29,,,,,
7/22/2022,43.1,44.33,40.03,40.54,4495729.55,,,,,
7/23/2022,40.54,41.91,38.6,39.97,3421971.49,,,,,
7/24/2022,39.97,42.1,39.47,40.93,3327219.47,,,,,
7/25/2022,40.93,41.09,36.56,36.65,4237919.99,,,,,
7/26/2022,36.66,36.84,34.67,36.25,4496178.57,,,,,
7/27/2022,36.26,40.55,35.68,40.23,5860676.17,,,,,
7/28/2022,40.23,44.15,39.03,42.91,6754342.15,,,,,
7/29/2022,42.92,44.42,41.13,41.91,4949319.15,,,,,
7/30/2022,41.92,46.65,41.41,43.84,5388479.3,,,,,
7/31/2022,43.84,45.21,42.22,42.35,3287571.37,,,,,
8/1/2022,42.34,43.26,40.57,41.65,3302835.44,,,,,
8/2/2022,41.65,42.45,39.5,39.79,3598240.96,,,,,
8/3/2022,39.78,40.99,37.43,38.54,8391441.54,,,,,
8/4/2022,38.54,39.85,37.96,38.83,4151096.9,,,,,
8/5/2022,38.83,41.33,38.71,40.55,3510687.91,,,,,
8/6/2022,40.55,40.89,39.85,40.07,1600652,,,,,
8/7/2022,40.07,41.57,39.21,40.6,1745897.7,,,,,
8/8/2022,40.6,43.71,40.55,42.18,3823749.6,,,,,
8/9/2022,42.17,42.76,39.73,40.33,2832475.74,,,,,
8/10/2022,40.34,42.87,39.15,42.47,4467794.94,,,,,
8/11/2022,42.47,45.32,42.34,42.77,5808859.44,,,,,
8/12/2022,42.78,45.49,42.12,45.48,3376989.68,,,,,
8/13/2022,45.49,48.38,45.27,46.6,4706648.94,,,,,
8/14/2022,46.59,48.06,44.46,44.87,3476179.16,,,,,
8/15/2022,44.86,47.24,42.75,43.72,4145114.74,,,,,
8/16/2022,43.72,44.31,42.53,43.08,3604735.73,,,,,
8/17/2022,43.08,44.75,40.18,40.54,4207333,,,,,
8/18/2022,40.54,41.67,39.31,39.52,2839363.98,,,,,
8/19/2022,39.51,39.59,35.25,35.81,6209609.03,,,,,
8/20/2022,35.82,37.27,34.21,35.28,3873077.48,,,,,
8/21/2022,35.28,37.09,34.51,36.47,3184917.72,,,,,
8/22/2022,36.48,36.56,33.73,35.41,3740448.14,,,,,
8/23/2022,35.42,36.11,34.24,35.68,2736678.36,,,,,
8/24/2022,35.69,36.4,34.31,34.89,2588768.41,,,,,
8/25/2022,34.9,36.49,34.87,35.27,2472099.5,,,,,
8/26/2022,35.26,35.79,31.36,31.72,5268727.97,,,,,
8/27/2022,31.72,32.25,30.86,31.53,3025394.15,,,,,
8/28/2022,31.53,32.21,30.19,30.44,2245087.33,,,,,
8/29/2022,30.43,32.64,30,32.42,3758900.71,,,,,
8/30/2022,32.42,33.16,30.64,31.47,3466845.37,,,,,
8/31/2022,31.47,32.95,31.18,31.5,2705795.29,,,,,
9/1/2022,31.49,31.79,30.44,31.61,2304167.56,,,,,
9/2/2022,31.61,32.38,30.76,31.23,2327194.21,,,,,
9/3/2022,31.23,31.29,30.8,31.12,773414.2,,,,,
9/4/2022,31.11,32.2,31.02,32.16,1302960.75,,,,,
9/5/2022,32.17,32.5,31.15,32.18,1545295.72,,,,,
9/6/2022,32.17,33.9,30.44,30.88,4663061.68,,,,,
9/7/2022,30.88,32.94,30.31,32.69,2516005.51,,,,,
9/8/2022,32.7,33.98,31.97,33.61,3062370.54,,,,,
9/9/2022,33.62,35.96,33.59,34.67,3748304,,,,,
9/10/2022,34.68,35.41,34.27,35.03,1977630.96,,,,,
9/11/2022,35.04,36,34.04,34.99,1999936.19,,,,,
9/12/2022,34.99,38.39,34.4,37.44,5186842.63,,,,,
9/13/2022,37.44,39.01,32.93,33,6401715.44,,,,,
9/14/2022,33,34.35,32.67,34.12,3170484.22,,,,,
9/15/2022,34.12,34.84,32.42,33.07,3696318.23,,,,,
9/16/2022,33.08,33.26,31.5,32.25,2180222.56,,,,,
9/17/2022,32.25,33.89,32.23,33.68,1414903.11,,,,,
9/18/2022,33.69,33.99,30.86,31.1,2299068.39,,,,,
9/19/2022,31.1,33.08,30.5,32.62,3503472.34,,,,,
9/20/2022,32.63,32.88,31.29,31.41,2558791.65,,,,,
9/21/2022,31.42,33.48,30.01,30.65,4545539.08,,,,,
9/22/2022,30.65,32.87,30.59,32.43,2975325.9,,,,,
9/23/2022,32.43,33.98,31.2,33.66,3481076.73,,,,,
9/24/2022,33.67,34.79,33.14,33.38,3102314.35,,,,,
9/25/2022,33.39,34.05,31.87,32.34,1838509.33,,,,,
9/26/2022,32.33,33.95,31.87,33.88,3284142.93,,,,,
9/27/2022,33.89,35.41,32.08,32.69,4411114.63,,,,,
9/28/2022,32.68,33.81,31.65,33.22,3091106.5,,,,,
9/29/2022,33.23,34.42,32.65,33.93,2735381.21,,,,,
9/30/2022,33.94,35.22,32.62,33.25,4264290.42,,,,,
10/1/2022,33.25,33.25,32.34,32.44,1458835.24,,,,,
10/2/2022,32.44,33,31.9,32.06,1472849.24,,,,,
10/3/2022,32.06,33.27,31.73,32.89,1890470.2,,,,,
10/4/2022,32.9,34.4,32.84,34.09,1949740.88,,,,,
10/5/2022,34.1,34.37,33.18,34.04,1777550.81,,,,,
10/6/2022,34.04,34.5,33.23,33.36,1799751.22,,,,,
10/7/2022,33.35,33.76,32.43,32.98,1963117.82,,,,,
10/8/2022,32.98,33.08,32.35,32.58,785559.59,,,,,
10/9/2022,32.57,33.14,32.44,32.92,883235.74,,,,,
10/10/2022,32.92,33.46,31.88,31.96,1554680.4,,,,,
10/11/2022,31.95,31.96,30.42,30.8,1923666.97,,,,,
10/12/2022,30.8,31.55,30.67,31.16,1048211.96,,,,,
10/13/2022,31.15,31.21,27.87,30.49,4402648.71,,,,,
10/14/2022,30.48,31.98,29.62,30,2384103.67,,,,,
10/15/2022,30,30.2,29.42,29.59,1009243.59,,,,,
10/16/2022,29.59,30.53,29.56,30.17,934949.4,,,,,
10/17/2022,30.16,31.29,29.84,31.21,1694429.96,,,,,
10/18/2022,31.22,31.48,29.73,30.15,1966281.14,,,,,
10/19/2022,30.14,30.26,28.61,28.86,1713727.76,,,,,
10/20/2022,28.86,29.47,27.98,28.01,2379315.87,,,,,
10/21/2022,28.01,28.28,26.84,28.1,3208878.96,,,,,
10/22/2022,28.1,28.22,27.48,28.01,1333382.63,,,,,
10/23/2022,28.01,29.44,27.73,29.28,2150824,,,,,
10/24/2022,29.28,29.5,28.16,28.3,2525864.52,,,,,
10/25/2022,28.31,32.31,28.05,30.86,4389638.87,,,,,
10/26/2022,30.87,32.17,30.63,31.29,3909684.74,,,,,
10/27/2022,31.29,32.36,30.41,30.58,3608322.35,,,,,
10/28/2022,30.6,32.54,30.11,32.07,3017472.57,,,,,
10/29/2022,32.06,33.84,31.85,32.87,3316674.09,,,,,
10/30/2022,32.87,33.54,31.93,32.94,1962511.76,,,,,
10/31/2022,32.93,34.39,32.2,32.56,3082485.07,,,,,
11/1/2022,32.57,33.39,32.15,32.2,2015730.52,,,,,
11/2/2022,32.2,32.95,30.24,30.8,3423829.13,,,,,
11/3/2022,30.81,32.25,30.61,30.85,2302866.46,,,,,
11/4/2022,30.86,34.2,30.66,33.74,4106770.6,,,,,
11/5/2022,33.73,38.79,33.66,36.9,7466083.52,,,,,
11/6/2022,36.9,37.06,32.31,32.62,4722074.05,,,,,
11/7/2022,32.61,33.13,28,29.62,9810937.64,,,,,
11/8/2022,29.62,31.72,19.8,24.38,28156844.02,,,,,
11/9/2022,24.38,24.38,12.37,14.08,34965021.08,,,,,
11/10/2022,14.08,18.87,13.14,17.66,31278279.25,,,,,
11/11/2022,17.65,18.31,15.1,16.45,16952323.15,,,,,
11/12/2022,16.46,16.53,14.47,14.58,6958266.14,,,,,
11/13/2022,14.58,14.74,13.02,13.18,7632404.82,,,,,
11/14/2022,13.18,15.01,12.07,14,12412181.95,,,,,
11/15/2022,14,15.1,13.82,14.32,7666656.34,,,,,
11/16/2022,14.32,14.64,13.64,14.27,4117412.48,,,,,
11/17/2022,14.27,14.5,12.93,13.65,6589277.99,,,,,
11/18/2022,13.65,13.89,13,13.27,2949495.18,,,,,
11/19/2022,13.28,13.28,12.58,12.84,2920148.22,,,,,
11/20/2022,12.84,13.58,12.1,12.27,4790066.03,,,,,
11/21/2022,12.26,12.29,11.27,11.83,4921177.259,,,,,
11/22/2022,11.83,12.5,10.94,12.44,5495351.55,,,,,
11/23/2022,12.43,14.5,12.4,14.36,7872882.42,,,,,
11/24/2022,14.36,14.96,13.84,14.59,4725295.69,,,,,
11/25/2022,14.6,14.61,13.91,14.03,2819515.28,,,,,
11/26/2022,14.03,14.98,13.97,14.17,2911827.78,,,,,
11/27/2022,14.17,14.45,14.05,14.12,2063327.08,,,,,
11/28/2022,14.11,14.17,12.78,13.32,4718682.44,,,,,
11/29/2022,13.33,13.96,13.14,13.34,2605636.41,,,,,
11/30/2022,13.35,14.32,13.21,14.16,3599962.88,,,,,
12/1/2022,14.17,14.19,13.4,13.51,2567835.92,,,,,
12/2/2022,13.51,13.84,13.33,13.71,2865008.71,,,,,
12/3/2022,13.71,13.77,13.2,13.29,1958859.38,,,,,
12/4/2022,13.29,13.75,13.27,13.71,1778118.75,,,,,
12/5/2022,13.71,14.17,13.58,13.82,3962489.89,,,,,
12/6/2022,13.82,14.38,13.81,14.3,3280084.71,,,,,
12/7/2022,14.3,14.34,13.39,13.49,2647330.66,,,,,
12/8/2022,13.49,13.77,13.27,13.69,2218371.02,,,,,
12/9/2022,13.69,14.02,13.51,13.59,2597941.96,,,,,
12/10/2022,13.58,13.73,13.54,13.58,950118.11,,,,,
12/11/2022,13.58,13.8,13.39,13.42,1210234.56,,,,,
12/12/2022,13.42,13.5,12.82,13.31,2644017.08,,,,,
12/13/2022,13.31,14.15,12.76,13.89,3963954.49,,,,,
12/14/2022,13.9,14.96,13.81,14.12,5084591.13,,,,,
12/15/2022,14.12,14.52,13.86,14.04,2711381.25,,,,,
12/16/2022,14.05,14.17,12,12.25,4522833.23,,,,,
12/17/2022,12.25,12.6,11.92,12.51,2465880.45,,,,,
12/18/2022,12.5,12.6,12.25,12.38,1358593.49,,,,,
12/19/2022,12.38,12.59,11.66,11.94,2385052.59,,,,,
12/20/2022,11.94,12.49,11.84,12.26,1699256.37,,,,,
12/21/2022,12.26,12.29,11.9,12.14,1549774.66,,,,,
12/22/2022,12.14,12.19,11.67,11.82,1805407.09,,,,,
12/23/2022,11.81,12.11,11.72,11.78,1647382.32,,,,,
12/24/2022,11.79,11.79,11.07,11.45,2286878.14,,,,,
12/25/2022,11.45,11.56,11.24,11.38,916417.64,,,,,
12/26/2022,11.39,11.49,11.06,11.32,1613225.82,,,,,
12/27/2022,11.33,11.44,10.71,11.09,3052197.59,,,,,
12/28/2022,11.1,11.12,9.39,9.76,7362205.181,,,,,
12/29/2022,9.76,10.89,8,9.64,12093989.53,,,,,
12/30/2022,9.64,10.26,9,9.9,12587079.51,,,,,
12/31/2022,9.91,10.2,9.66,9.97,3621434.65,,,,,
1/1/2023,9.97,10.09,9.69,9.99,2287512.63,,,,,
1/2/2023,9.99,12,9.81,11.28,7628264.93,,,,,
1/3/2023,11.28,13.91,11,13.37,14986491.36,,,,,
1/4/2023,13.37,14.24,12.83,13.43,12612735.49,,,,,
1/5/2023,13.43,13.89,12.95,13.43,5834353.76,,,,,
1/6/2023,13.43,13.6,12.69,13.5,5404648.48,,,,,
1/7/2023,13.51,13.51,13.01,13.1,1904950.91,,,,,
1/8/2023,13.1,14.89,12.85,14.45,6295596.12,,,,,
1/9/2023,14.46,17.5,14.28,16.25,19481959.57,,,,,
1/10/2023,16.25,16.73,15.57,16.2,8489417.77,,,,,
1/11/2023,16.2,16.67,15.28,16.36,6661616.67,,,,,
1/12/2023,16.37,17,15.54,16.59,9608670.96,,,,,
1/13/2023,16.59,18.65,16.29,18.29,10929884.4,,,,,
1/14/2023,18.29,24.75,18.2,24.24,25997232.06,,,,,
1/15/2023,24.23,25,21.98,22.89,11258028.55,,,,,
1/16/2023,22.9,25,22.3,23.58,10043368.28,,,,,
1/17/2023,23.58,23.95,22.7,22.86,6056942.68,,,,,
1/18/2023,22.86,23.65,20.34,20.79,11341710.32,,,,,
1/19/2023,20.78,21.88,20.41,21.4,6113345.07,,,,,
1/20/2023,21.4,25.82,20.93,25.51,9652433.39,,,,,
1/21/2023,25.51,26.6,24.24,24.57,12782858.69,,,,,
1/22/2023,24.56,25.45,23.5,24.21,6496779.26,,,,,
1/23/2023,24.21,24.93,23.7,24.33,6100483.98,,,,,
1/24/2023,24.32,25.24,22.25,22.78,6121565.88,,,,,
1/25/2023,22.77,25.43,22.24,24.52,8332368.29,,,,,
1/26/2023,24.53,25.23,23.73,24.33,5450404.1,,,,,
1/27/2023,24.33,24.96,23.27,24.43,4729055.76,,,,,
1/28/2023,24.43,25.24,23.7,24,3377884.1,,,,,
1/29/2023,24,26.8,23.73,26.07,7785906.2,,,,,
1/30/2023,26.07,26.31,23.11,23.96,7532450.12,,,,,
1/31/2023,23.97,24.47,23.49,23.92,4062387.09,,,,,
2/1/2023,23.93,25.22,22.48,25,7304888.31,,,,,
2/2/2023,25,26.15,24.05,24.32,7246590.58,,,,,
2/3/2023,24.32,25.07,24.01,24.69,4759274.31,,,,,
2/4/2023,24.69,24.95,24.17,24.34,2034159.41,,,,,
2/5/2023,24.34,24.46,23.02,23.47,4822304.59,,,,,
2/6/2023,23.46,23.72,22.45,22.66,3592829.38,,,,,
2/7/2023,22.65,23.96,22.54,23.82,4900023.85,,,,,
2/8/2023,23.82,24.24,22.8,23.22,3970029.14,,,,,
2/9/2023,23.21,23.35,20,20.48,6398790.64,,,,,
2/10/2023,20.48,21.2,19.68,20.11,5523024.53,,,,,
2/11/2023,20.1,20.92,20.1,20.81,1859852.98,,,,,
2/12/2023,20.81,22.59,20.62,21.49,4625241.81,,,,,
2/13/2023,21.49,21.61,19.73,20.77,6685330.04,,,,,
2/14/2023,20.77,22.37,20.66,21.84,7639521.83,,,,,
2/15/2023,21.84,23.99,21.45,23.86,5587903.97,,,,,
2/16/2023,23.86,24.2,22.2,22.24,6832612.63,,,,,
2/17/2023,22.24,23.54,21.99,23.14,4539817.75,,,,,
2/18/2023,23.14,23.94,22.92,23.45,2647511,,,,,
2/19/2023,23.46,25.64,23.2,24.84,8316165.25,,,,,
2/20/2023,24.83,27.12,24.11,26.26,10266239.07,,,,,
2/21/2023,26.26,26.61,24.5,24.98,6724448.02,,,,,
2/22/2023,24.98,25.24,23.21,24.16,7174305.66,,,,,
2/23/2023,24.16,24.69,23.6,23.91,4390966.09,,,,,
2/24/2023,23.91,24.13,22.46,23.07,4868888.31,,,,,
2/25/2023,23.07,23.33,21.41,22.37,4541250.05,,,,,
2/26/2023,22.37,23.53,22.21,23.25,2817875.05,,,,,
2/27/2023,23.25,23.41,22.32,22.68,3670697.58,,,,,
2/28/2023,22.68,22.75,21.75,21.89,2291715.21,,,,,
3/1/2023,21.88,22.91,21.65,22.51,2445602.61,,,,,
3/2/2023,22.5,22.65,21.67,22,2231193.36,,,,,
3/3/2023,22,22.02,20.34,21.42,3635280.89,,,,,
3/4/2023,21.42,21.62,20.2,20.98,1754082.61,,,,,
3/5/2023,20.98,21.72,20.84,20.97,1733301.96,,,,,
3/6/2023,20.98,21.19,20.47,20.63,2216419.88,,,,,
3/7/2023,20.62,20.95,19.71,20.25,3104831.99,,,,,
3/8/2023,20.25,20.39,18.1,18.41,5826803.53,,,,,
3/9/2023,18.41,18.78,16.69,17.33,7832548.96,,,,,
3/10/2023,17.34,18.36,16,18.17,9520202.65,,,,,
3/11/2023,18.17,18.89,16.94,18.07,6593106.41,,,,,
3/12/2023,18.07,20.53,17.71,20.2,6555846.63,,,,,
3/13/2023,20.19,21.47,18.87,20.4,10652102.31,,,,,
3/14/2023,20.4,22.12,19.75,20.86,9812864.39,,,,,
3/15/2023,20.86,21.46,18.7,19.24,7661168.72,,,,,
3/16/2023,19.25,19.9,18.88,19.67,4381882.68,,,,,
3/17/2023,19.67,21.69,19.42,21.6,5853746.15,,,,,
3/18/2023,21.6,22.94,21.05,21.2,7417972.25,,,,,
3/19/2023,21.2,22.43,21.19,21.86,4290990.03,,,,,
3/20/2023,21.86,23.91,21.35,22.13,10056429.13,,,,,
3/21/2023,22.13,23.33,21.51,22.53,6547867.38,,,,,
3/22/2023,22.52,23.09,20.93,21.42,8602292.98,,,,,
3/23/2023,21.41,22.95,21.08,22.16,5049411.36,,,,,
3/24/2023,22.16,22.27,20.26,20.66,4995998.21,,,,,
3/25/2023,20.66,20.98,20.09,20.41,2338133.56,,,,,
3/26/2023,20.4,21.14,20.29,20.94,1848599.09,,,,,
3/27/2023,20.94,20.99,19.33,19.91,3556384.38,,,,,
3/28/2023,19.91,20.88,19.6,20.45,3316462.41,,,,,
3/29/2023,20.45,21.56,20.43,21.1,3377523.28,,,,,
3/30/2023,21.1,21.67,20.16,20.55,4349577.78,,,,,
3/31/2023,20.55,21.49,20.04,21.16,3228391.27,,,,,
4/1/2023,21.15,21.34,20.74,21.08,1824463.55,,,,,
4/2/2023,21.07,21.3,20.23,20.52,1822345.58,,,,,
4/3/2023,20.52,20.99,19.94,20.45,3984085.57,,,,,
4/4/2023,20.45,21.26,20.28,20.92,2514863.89,,,,,
4/5/2023,20.91,21.34,20.58,20.97,2603072.26,,,,,
4/6/2023,20.96,20.99,20.43,20.62,1674280.5,,,,,
4/7/2023,20.62,20.78,20.22,20.44,1220862.47,,,,,
4/8/2023,20.44,20.74,19.85,20.04,1608993.48,,,,,
4/9/2023,20.04,20.44,19.87,20.28,1051608.84,,,,,
4/10/2023,20.29,20.95,20.08,20.89,1615129.64,,,,,
4/11/2023,20.89,23.68,20.82,22.98,8297859.99,,,,,
4/12/2023,22.99,24.48,22.29,23.8,10374263.08,,,,,
4/13/2023,23.81,25.3,23.63,24.43,6063385.78,,,,,
4/14/2023,24.43,25.49,23.73,24.71,6432126.81,,,,,
4/15/2023,24.72,24.8,23.81,24.05,2861426.92,,,,,
4/16/2023,24.05,25.49,23.81,25.34,3471417.67,,,,,
4/17/2023,25.34,26,24.28,24.58,5631537.5,,,,,
4/18/2023,24.57,25.44,24,24.82,3477504.6,,,,,
4/19/2023,24.82,24.98,21.71,22.66,6650547.99,,,,,
4/20/2023,22.66,23.18,21.59,22.2,5486212.56,,,,,
4/21/2023,22.19,22.41,21,21.25,4194496.37,,,,,
4/22/2023,21.26,21.99,21.05,21.79,1831214.09,,,,,
4/23/2023,21.79,22.25,20.91,21.47,2754139.65,,,,,
4/24/2023,21.47,22.02,21,21.38,3120614.16,,,,,
4/25/2023,21.39,21.97,20.73,21.93,3314599.54,,,,,
4/26/2023,21.94,22.97,20.36,21.28,6657868.13,,,,,
4/27/2023,21.28,22.52,21.18,22.33,4703115.03,,,,,
4/28/2023,22.34,23.5,22.16,23.34,4422324.38,,,,,
4/29/2023,23.34,23.89,22.9,23.19,3194699.55,,,,,
4/30/2023,23.18,23.99,22.69,22.74,3110943.4,,,,,
5/1/2023,22.73,22.88,21.54,21.96,3758634.21,,,,,
5/2/2023,21.95,22.38,21.75,22.25,2566813.09,,,,,
5/3/2023,22.25,22.3,21.23,22.24,4181975.28,,,,,
5/4/2023,22.24,22.49,21.61,21.74,2529635.56,,,,,
5/5/2023,21.74,23.07,21.56,22.82,3636404.07,,,,,
5/6/2023,22.82,23.23,21.56,21.91,2849745.66,,,,,
5/7/2023,21.91,22.78,21.63,21.66,2954384.97,,,,,
5/8/2023,21.65,21.81,20,20.62,5254424.55,,,,,
5/9/2023,20.63,21,20.4,20.65,2375473.6,,,,,
5/10/2023,20.66,21.31,19.74,20.91,5057170.3,,,,,
5/11/2023,20.92,20.93,19.69,20.17,3721715.1,,,,,
5/12/2023,20.17,20.95,19.8,20.9,3076452.18,,,,,
5/13/2023,20.91,21.29,20.77,20.84,1835421.61,,,,,
5/14/2023,20.83,21.28,20.62,20.93,1553375.08,,,,,
5/15/2023,20.93,21.52,20.6,20.99,2858317.83,,,,,
5/16/2023,20.98,21.13,20.43,20.67,2722401.44,,,,,
5/17/2023,20.68,21.23,20.42,21.06,2614414.01,,,,,
5/18/2023,21.06,21.09,20.07,20.34,2624370.52,,,,,
5/19/2023,20.35,20.59,20.21,20.36,1214543.49,,,,,
5/20/2023,20.35,20.37,20.08,20.28,856718.98,,,,,
5/21/2023,20.28,20.39,19.33,19.61,1976334.78,,,,,
5/22/2023,19.61,20.03,19.28,19.53,2054927.32,,,,,
5/23/2023,19.52,20.18,19.42,20.02,2466255.33,,,,,
5/24/2023,20.02,20.07,18.66,19.22,2780601.57,,,,,
5/25/2023,19.22,19.58,18.77,19.25,1692742.89,,,,,
5/26/2023,19.25,19.56,19.08,19.35,1034272.52,,,,,
5/27/2023,19.35,20.54,19.33,20.43,1565995.03,,,,,
5/28/2023,20.42,21.19,20.29,20.81,2874459.57,,,,,
5/29/2023,20.81,20.98,20.26,20.57,2222352.38,,,,,
5/30/2023,20.57,21.4,20.46,21.25,3192653.91,,,,,
5/31/2023,21.25,21.33,20.37,20.81,2050625.96,,,,,
6/1/2023,20.82,20.98,20.41,20.49,1732297.47,,,,,
6/2/2023,20.49,21.37,20.3,21.26,2068166.11,,,,,
6/3/2023,21.26,21.35,20.95,21.19,1130915.88,,,,,
6/4/2023,21.19,22.3,21.03,21.82,2800007.16,,,,,
6/5/2023,21.83,22.06,19.03,20,6215040.24,,,,,
6/6/2023,20.01,20.7,19.23,20.38,4383534.14,,,,,
6/7/2023,20.38,20.53,18.5,18.64,3842270.95,,,,,
6/8/2023,18.64,19.11,18.23,18.89,2669714.01,,,,,
6/9/2023,18.88,19.37,17.11,17.4,4755455.49,,,,,
6/10/2023,17.4,17.43,12.8,15.61,17211734.83,,,,,
6/11/2023,15.61,16.18,15.11,15.55,6064017.28,,,,,
6/12/2023,15.55,15.69,14.74,15.19,5195357.99,,,,,
6/13/2023,15.19,16,14.76,15.04,4814274.27,,,,,
6/14/2023,15.03,15.37,14.06,14.48,3978891.53,,,,,
6/15/2023,14.49,15.08,14.18,14.77,4700648.85,,,,,
6/16/2023,14.78,15.47,14.38,15.31,2809890.09,,,,,
6/17/2023,15.32,16.12,15.16,15.64,2500321.4,,,,,
6/18/2023,15.65,15.84,15.28,15.45,1603688.44,,,,,
6/19/2023,15.45,16.14,15.34,16.1,1890318.27,,,,,
6/20/2023,16.1,16.69,15.73,16.64,3005581.72,,,,,
6/21/2023,16.65,17.4,16.54,17.23,4146918.99,,,,,
6/22/2023,17.23,17.75,16.57,16.62,3547312.43,,,,,
6/23/2023,16.62,17.53,16.16,17.13,4851596.52,,,,,
6/24/2023,17.14,17.53,16.37,16.64,2908701.89,,,,,
6/25/2023,16.64,17.38,16.57,16.96,2723041.25,,,,,
6/26/2023,16.96,17.12,15.89,16.27,3056592.4,,,,,
6/27/2023,16.27,16.93,16.13,16.63,2951107.45,,,,,
6/28/2023,16.63,16.65,15.6,15.97,4040252.29,,,,,
6/29/2023,15.98,18.28,15.87,17.99,7948251.73,,,,,
6/30/2023,18,20.03,17.01,18.86,11454016.49,,,,,
7/1/2023,18.85,19,17.9,18.7,3515091.93,,,,,
7/2/2023,18.7,19.74,18.53,19.45,4872775.08,,,,,
7/3/2023,19.46,19.66,18.87,19.26,3065186.84,,,,,
7/4/2023,19.25,19.94,19.06,19.13,3096292.18,,,,,
7/5/2023,19.14,19.53,18.32,19,2415908.51,,,,,
7/6/2023,18.99,21,18.82,19.61,9598016.99,,,,,
7/7/2023,19.61,21.9,19.26,21.5,9794096.48,,,,,
7/8/2023,21.51,22.5,21.32,21.81,6473021.26,,,,,
7/9/2023,21.82,22.38,20.99,21.32,3867361.76,,,,,
7/10/2023,21.32,21.81,20.47,21.3,5671089.94,,,,,
7/11/2023,21.3,22.37,21.2,22.07,4616810.71,,,,,
7/12/2023,22.06,22.8,21.74,21.94,6086113.95,,,,,
7/13/2023,21.93,26.82,21.42,26.01,16102139.02,,,,,
7/14/2023,26.01,32.13,25.23,26.67,19571913.81,,,,,
7/15/2023,26.67,29.12,26.45,27.46,11042658.65,,,,,
7/16/2023,27.47,28.7,26.46,27.42,6708916.61,,,,,
7/17/2023,27.41,28.49,25.55,26.8,8662837.64,,,,,
7/18/2023,26.8,27.09,24.76,25.54,6327315.88,,,,,
7/19/2023,25.54,26.99,25.35,26.31,4966905.24,,,,,
7/20/2023,26.31,27.38,25.03,25.38,4977278.58,,,,,
7/21/2023,25.38,26,25.06,25.5,3295444.38,,,,,
7/22/2023,25.51,25.97,24,24.52,2382898.21,,,,,
7/23/2023,24.52,25.26,24.15,24.76,2341589.79,,,,,
7/24/2023,24.76,24.83,22.89,23.37,4042066.22,,,,,
7/25/2023,23.36,23.6,22.73,23.27,2522195.44,,,,,
7/26/2023,23.28,25.68,23.17,25.17,6033716.58,,,,,
7/27/2023,25.18,25.65,24.66,25.1,4207657.06,,,,,
7/28/2023,25.1,25.56,24.54,24.82,2736684.18,,,,,
7/29/2023,24.82,25.39,24.75,25.17,1768964.07,,,,,
7/30/2023,25.17,25.21,23.47,24.25,2774658.63,,,,,
7/31/2023,24.25,24.79,23.52,23.73,3167365.08,,,,,
8/1/2023,23.72,24.07,22.84,24.05,3598080.21,,,,,
8/2/2023,24.06,24.29,22.82,23.15,3308680.67,,,,,
8/3/2023,23.14,23.38,22.44,22.65,2981853.02,,,,,
8/4/2023,22.65,23.57,22.48,22.8,3225053.92,,,,,
8/5/2023,22.8,22.94,22.23,22.65,1781301.39,,,,,
8/6/2023,22.66,23.48,22.58,23.2,2662470.7,,,,,
8/7/2023,23.2,23.67,22.27,23.12,3303008.9,,,,,
8/8/2023,23.11,24.79,23.02,24.22,4652753.86,,,,,
8/9/2023,24.22,24.99,24.1,24.38,3857674.95,,,,,
8/10/2023,24.39,24.89,24.13,24.62,2556841.66,,,,,
8/11/2023,24.63,24.93,24.34,24.62,2415119.74,,,,,
8/12/2023,24.63,25.24,24.4,24.91,1814019.36,,,,,
8/13/2023,24.91,24.95,24.21,24.23,2013530.94,,,,,
8/14/2023,24.22,25.3,24.06,25.18,2935003.9,,,,,
8/15/2023,25.19,25.42,23.74,23.9,3856498.57,,,,,
8/16/2023,23.91,24.03,22.36,22.82,4333224.4,,,,,
8/17/2023,22.82,23.43,20,21.66,6294552.09,,,,,
8/18/2023,21.67,22.2,20.9,21.34,3890112.81,,,,,
8/19/2023,21.34,22.18,21.29,21.9,1694233.32,,,,,
8/20/2023,21.89,22.04,21.57,21.77,1053613.37,,,,,
8/21/2023,21.78,21.79,20.3,21.2,2646392.48,,,,,
8/22/2023,21.2,21.26,19.35,20.59,3635900.71,,,,,
8/23/2023,20.59,21.82,20.33,21.74,3704350.5,,,,,
8/24/2023,21.74,22.02,20.67,21.06,2719332.54,,,,,
8/25/2023,21.05,21.06,20.09,20.42,2321828.3,,,,,
8/26/2023,20.42,20.44,20.19,20.29,743690.27,,,,,
8/27/2023,20.28,20.92,20.24,20.79,1103526.81,,,,,
8/28/2023,20.79,20.8,20.03,20.56,1622343.78,,,,,
8/29/2023,20.57,22.05,20.12,21.79,5271801.95,,,,,
8/30/2023,21.79,21.99,20.6,20.82,2462706.77,,,,,
8/31/2023,20.82,21.07,19.43,19.74,3342646.88,,,,,
9/1/2023,19.74,19.93,19.02,19.33,2517375.38,,,,,
9/2/2023,19.33,19.69,19.13,19.5,1419243.59,,,,,
9/3/2023,19.5,19.67,19.23,19.57,1032117.62,,,,,
9/4/2023,19.57,20.05,19.15,19.52,2206040.45,,,,,
9/5/2023,19.52,20.6,19.03,20.26,4197171.75,,,,,
9/6/2023,20.26,20.39,19.14,19.64,3429947.48,,,,,
9/7/2023,19.63,20,19.32,19.92,2375627.15,,,,,
9/8/2023,19.92,20.28,19.37,19.61,1972054.86,,,,,
9/9/2023,19.6,19.61,19.38,19.44,646379.52,,,,,
9/10/2023,19.43,19.44,17.78,18.24,5630975.71,,,,,
9/11/2023,18.23,18.46,17.33,17.72,4755172.77,,,,,
9/12/2023,17.72,18.8,17.57,17.92,4818249.11,,,,,
9/13/2023,17.91,18.56,17.69,18.4,4063710.36,,,,,
9/14/2023,18.4,19.33,18.38,18.85,4397747.38,,,,,
9/15/2023,18.85,19.5,18.55,19.14,2087888.26,,,,,
9/16/2023,19.15,19.46,18.86,19.12,1416418.73,,,,,
9/17/2023,19.12,19.14,18.63,18.81,1073239.72,,,,,
9/18/2023,18.81,20.15,18.58,19.64,3731851.86,,,,,
9/19/2023,19.65,20.42,19.58,20.03,3110481.29,,,,,
9/20/2023,20.02,20.54,19.8,20.29,2588399.2,,,,,
9/21/2023,20.29,20.29,19.29,19.46,2959370.24,,,,,
9/22/2023,19.45,19.81,19.15,19.43,1857771.33,,,,,
9/23/2023,19.42,19.57,19.29,19.49,897913,,,,,
9/24/2023,19.48,19.68,19.2,19.36,1091026.97,,,,,
9/25/2023,19.36,19.74,19.07,19.39,1702995.14,,,,,
9/26/2023,19.39,19.53,18.84,19.03,1977195.6,,,,,
9/27/2023,19.03,19.48,18.73,19.14,2446438.2,,,,,
9/28/2023,19.13,19.98,19.1,19.96,2804835.46,,,,,
9/29/2023,19.97,20.46,19.85,20.28,2724984.42,,,,,
9/30/2023,20.28,21.81,20.07,21.37,3565357.52,,,,,
10/1/2023,21.37,24.5,21.13,23.87,6416328.5,,,,,
10/2/2023,23.88,24.8,22.9,23.37,6313085.51,,,,,
10/3/2023,23.38,24.77,23.21,23.6,5894722.26,,,,,
10/4/2023,23.61,23.86,22.58,23.13,3945261.33,,,,,
10/5/2023,23.13,23.76,22.53,22.7,3287722.78,,,,,
10/6/2023,22.7,23.76,22.66,23.41,4366362.12,,,,,
10/7/2023,23.41,24.21,23.08,23.3,2949841.72,,,,,
10/8/2023,23.29,23.64,23.06,23.22,1934466.13,,,,,
10/9/2023,23.21,23.37,21.59,22.1,4186290.48,,,,,
10/10/2023,22.09,22.48,21.69,22.11,2334716.24,,,,,
10/11/2023,22.11,22.43,21.62,22.01,2734211.94,,,,,
10/12/2023,22.01,22.05,20.93,21.28,2921129.02,,,,,
10/13/2023,21.29,22.23,21.11,21.84,2403623.09,,,,,
10/14/2023,21.85,22.31,21.8,22,1303774.54,,,,,
10/15/2023,22,22.17,21.66,21.93,1455965.78,,,,,
10/16/2023,21.93,24.75,21.89,23.95,6973642.82,,,,,
10/17/2023,23.95,24.56,23.46,23.93,4456015.31,,,,,
10/18/2023,23.94,24.43,23.36,23.42,2982409.96,,,,,
10/19/2023,23.41,25.77,23.11,24.93,5889168.99,,,,,
10/20/2023,24.92,27.5,24.73,27.03,7266627.01,,,,,
10/21/2023,27.02,30.31,26.65,29.32,9576358.72,,,,,
10/22/2023,29.33,30.01,28.09,29.05,5567480.03,,,,,
10/23/2023,29.06,32.81,28.74,31.88,12178546.11,,,,,
10/24/2023,31.88,32.61,29.5,30.17,11152278.09,,,,,
10/25/2023,30.18,33.9,30,32.44,10582632.89,,,,,
10/26/2023,32.43,33.28,30.73,32.77,6940180.71,,,,,
10/27/2023,32.78,33.35,31.2,31.73,6273331.35,,,,,
10/28/2023,31.73,32.51,31.35,31.63,2594478.41,,,,,
10/29/2023,31.62,33.19,31.27,32.83,3483834.9,,,,,
10/30/2023,32.83,35.35,32.28,34.94,7627255.13,,,,,
10/31/2023,34.94,38.62,34.82,38.4,9267665.69,,,,,
11/1/2023,38.41,46.9,37.81,41.15,19486359.98,,,,,
11/2/2023,41.16,44.57,38.65,40.23,14743830.91,,,,,
11/3/2023,40.24,40.26,37.98,39.45,10290073.48,,,,,
11/4/2023,39.45,42.72,39,42.41,7452581.71,,,,,
11/5/2023,42.41,42.85,40.1,41.15,4117962.39,,,,,
11/6/2023,41.16,42.2,39.66,42.16,4866558.59,,,,,
11/7/2023,42.16,44.78,40.08,42.93,8826660.47,,,,,
11/8/2023,42.93,43.88,42.25,43.13,4580371.01,,,,,
11/9/2023,43.12,48.88,41.36,45.29,12546941.33,,,,,
11/10/2023,45.3,57.54,45.05,56.67,14708555.35,,,,,
11/11/2023,56.67,63.95,53.55,56.34,13790858.3,,,,,
11/12/2023,56.36,61.86,54.5,56.28,10246085.39,,,,,
11/13/2023,56.27,59.86,51.28,51.6,11066863.24,,,,,
11/14/2023,51.6,57.99,51.12,56.81,12213778.24,,,,,
11/15/2023,56.81,67.12,56.15,65.43,12800109.28,,,,,
11/16/2023,65.43,68.2,56.31,57.8,13868327.04,,,,,
11/17/2023,57.81,60.57,54.1,58.51,11968303.78,,,,,
11/18/2023,58.52,59.37,54.7,58.56,7374946.5,,,,,
11/19/2023,58.56,62.1,56.61,61.1,7009650.09,,,,,
11/20/2023,61.1,61.33,56,56.57,7127562.28,,,,,
11/21/2023,56.57,57.4,51.23,51.65,10741088.9,,,,,
11/22/2023,51.65,58.94,51.43,57.56,7891464.65,,,,,
11/23/2023,57.55,59.63,56.14,56.51,4925635.15,,,,,
11/24/2023,56.52,58.79,56.2,56.86,3905651.92,,,,,
11/25/2023,56.86,59.82,55.7,58.82,4095129.28,,,,,
11/26/2023,58.81,59.04,56.12,57.57,3097837.47,,,,,
11/27/2023,57.57,58.09,53.47,55.06,4618869.6,,,,,
11/28/2023,55.06,58.65,53.94,58.18,5642915.95,,,,,
11/29/2023,58.18,61.78,57.72,59.31,7574392.84,,,,,
11/30/2023,59.31,61.7,58.75,59.3,4597104.01,,,,,
12/1/2023,59.3,61.9,58.6,59.75,5422494.06,,,,,
12/2/2023,59.74,63.9,59.67,63.66,4898503.76,,,,,
12/3/2023,63.66,65.53,62.22,62.98,4675198.65,,,,,
12/4/2023,62.99,65.25,59.75,61.64,7696216.19,,,,,
12/5/2023,61.63,62.6,59.11,61.03,6032438.26,,,,,
12/6/2023,61.04,66.68,61.03,61.85,11121135.68,,,,,
12/7/2023,61.85,69.37,61.64,67.74,10648583.32,,,,,
12/8/2023,67.74,75.3,67.74,74.94,11314830.35,,,,,
12/9/2023,74.93,77.78,71.5,72.3,8809964.3,,,,,
12/10/2023,72.31,74.89,70.67,74.87,5886808.01,,,,,
12/11/2023,74.88,75,64.18,70.25,12970688.47,,,,,
12/12/2023,70.24,72.42,65.75,68.6,7763463.64,,,,,
12/13/2023,68.6,72.6,63.67,70.62,8271925.44,,,,,
12/14/2023,70.62,76.24,68.18,75.68,7493589.41,,,,,
12/15/2023,75.68,79.5,72.13,72.51,8834567.44,,,,,
12/16/2023,72.51,77.22,71.18,73.72,5513079.61,,,,,
12/17/2023,73.71,75.05,70.36,70.87,5108641.26,,,,,
12/18/2023,70.85,75.46,67,74.42,7219822.33,,,,,
12/19/2023,74.41,76.37,71.78,73,6086806.16,,,,,
12/20/2023,73,84.14,72.96,82.21,10701294.29,,,,,
12/21/2023,82.22,95.54,81.03,93.84,12129644.35,,,,,
12/22/2023,93.86,99.5,90.34,97.9,11975121.56,,,,,
12/23/2023,97.91,110,92.8,107.88,8336420.6,,,,,
12/24/2023,107.88,118.1,107.3,112.45,12261699.03,,,,,
12/25/2023,112.45,126.36,107.92,120.91,11114497.92,,,,,
12/26/2023,120.91,121.36,102.09,112.49,12300095.38,,,,,
12/27/2023,112.48,115.3,104.58,106.91,8972638.9,,,,,
12/28/2023,106.92,109.66,97.14,101.8,10194201.02,,,,,
12/29/2023,101.8,110,99,106.17,9432538.67,,,,,
12/30/2023,106.17,107.47,100.62,101.9,4178339.62,,,,,
12/31/2023,101.9,105.21,99.54,101.72,3821990.67,,,,,
1/1/2024,101.72,109.93,101.44,109.91,4403310.37,,,,,
1/2/2024,109.93,116.95,106.02,106.73,7831366.05,,,,,
1/3/2024,106.72,109.9,85,98.52,12221060.38,,,,,
1/4/2024,98.52,108.15,96.6,104.91,7235482.95,,,,,
1/5/2024,104.91,105.48,95.23,99.94,6703567.21,,,,,
1/6/2024,99.93,100.3,91.53,93.77,5151478.03,,,,,
1/7/2024,93.77,96.8,87.68,89.44,5547334.15,,,,,
1/8/2024,89.44,99.97,85.16,97.88,9677497.13,,,,,
1/9/2024,97.88,104.89,95.25,99.36,8574930.67,,,,,
1/10/2024,99.36,105.52,91.68,102,8634280.07,,,,,
1/11/2024,101.99,107.32,97.67,99.9,8986682.95,,,,,
1/12/2024,99.89,100.49,87,92.12,6462190.24,,,,,
1/13/2024,92.14,97.05,89.51,95.85,4054010.92,,,,,
1/14/2024,95.85,102.87,93.62,93.81,5767904.66,,,,,
1/15/2024,93.81,96.96,92.97,94.36,3605978.31,,,,,
1/16/2024,94.35,98.73,94.16,97.61,3768288.08,,,,,
1/17/2024,97.6,102.8,96.5,102.1,6932306.54,,,,,
1/18/2024,102.1,103.59,91.41,94.4,6216673,,,,,
1/19/2024,94.39,95.47,87.04,93.62,6357442.75,,,,,
1/20/2024,93.62,94.27,90.2,92.88,2799385.87,,,,,
1/21/2024,92.88,93.93,90.79,91.09,2013751.83,,,,,
1/22/2024,91.08,91.9,82.06,83.84,7065444.82,,,,,
1/23/2024,83.84,86,79,84.35,8284305.33,,,,,
1/24/2024,84.36,89.47,83.3,88.77,6058894.15,,,,,
1/25/2024,88.77,89.64,85.09,86.91,4002698.2,,,,,
1/26/2024,86.9,93.72,85.96,92.28,4693818.55,,,,,
1/27/2024,92.29,94.5,90.68,94.28,2735837.45,,,,,
1/28/2024,94.27,99.44,93.31,95.98,5618408.23,,,,,
1/29/2024,95.99,101.98,95.06,101.68,5772519.82,,,,,
1/30/2024,101.67,106.49,100.95,101.4,6990527.25,,,,,
1/31/2024,101.4,102.73,95.9,96.96,8609956.87,,,,,
2/1/2024,96.96,98.11,93.11,97.81,6556006.07,,,,,
2/2/2024,97.81,102.57,97.39,100.58,5487861.84,,,,,
2/3/2024,100.57,101.24,96.53,97.96,2787373.11,,,,,
2/4/2024,97.95,98.59,95.08,95.49,2914876.34,,,,,
2/5/2024,95.48,98.7,94.11,95.66,3891146.06,,,,,
2/6/2024,95.66,97.88,92.88,96.88,4279238.07,,,,,
2/7/2024,96.87,101.58,94.62,101.14,4577672.06,,,,,
2/8/2024,101.14,104.98,100.51,102.76,5082811.46,,,,,
2/9/2024,102.77,109.13,102.76,106.94,6686758.45,,,,,
2/10/2024,106.94,110.86,106.86,109.01,3939526.49,,,,,
2/11/2024,109.01,110.67,107.24,107.46,2755398.4,,,,,
2/12/2024,107.46,112.22,103.4,111.64,6169652.05,,,,,
2/13/2024,111.65,115.15,108.25,112.48,5622825.56,,,,,
2/14/2024,112.49,118.69,110.61,116.97,4884824.42,,,,,
2/15/2024,116.97,118.39,111.51,113.5,4927735.5,,,,,
2/16/2024,113.5,114.25,107.94,110.33,3947132.77,,,,,
2/17/2024,110.32,111.08,105,108.92,2897705.67,,,,,
2/18/2024,108.92,114.04,107.51,112.24,3083833.73,,,,,
2/19/2024,112.25,114.87,110.75,111.53,3746704.95,,,,,
2/20/2024,111.53,112.11,103,108.31,5676734.13,,,,,
2/21/2024,108.32,108.4,100.23,105.03,4752688.01,,,,,
2/22/2024,105.04,107.1,101.53,101.76,3905642.33,,,,,
2/23/2024,101.75,103.1,98.64,99.9,3546853.99,,,,,
2/24/2024,99.91,104.85,98.48,104.01,2334116.02,,,,,
2/25/2024,104.02,104.43,102,103.47,1967184.81,,,,,
2/26/2024,103.47,110.89,100.29,109.9,5392138.71,,,,,
2/27/2024,109.9,112.3,105.29,108.36,6198163.52,,,,,
2/28/2024,108.35,119.06,106.85,119.03,11832282.01,,,,,
2/29/2024,119.03,134.65,117.15,125.68,13847087.32,,,,,
3/1/2024,125.68,137.8,125.61,129.43,8376631.09,,,,,
3/2/2024,129.43,131.69,127.2,130.02,4693251.94,,,,,
3/3/2024,130.03,132.11,124.17,130.16,5228370.86,,,,,
3/4/2024,130.16,134.95,127.35,133.27,8053684.79,,,,,
3/5/2024,133.26,142.72,105,125.31,17035242.52,,,,,
3/6/2024,125.31,134.95,120,130.79,9581617.48,,,,,
3/7/2024,130.8,149.3,130.52,143.82,10952975.3,,,,,
3/8/2024,143.82,152.64,142,144.79,8096745.65,,,,,
3/9/2024,144.79,149.15,143.54,144.29,3686876.81,,,,,
3/10/2024,144.3,148.5,140.43,144.39,4489519.25,,,,,
3/11/2024,144.39,150.2,136.49,148.83,7743384.35,,,,,
3/12/2024,148.83,155,141.5,151.05,8930538,,,,,
3/13/2024,151.06,166.73,148.71,163.9,7627285.95,,,,,
