Date,AMZN Price,APPL Price,Bitcoin Price,Dow Jones Composite Price,Ethereum Price,META Price,Solana Price,MSFT Price,S&P 500 Composite Price,NASDAQ Composite Price,S&P Gold Price,NVDA Price,TSLA Price,Oil Futures Price,XMAG Price,Silver Price
2024-10-22,189.7,235.86,67342.3,42924.89,2624.24,582.01,167.359,427.51,5851.2,18573.13,1606.78,143.59,217.97,75.59,20.0,34.83100128173828
2024-10-23,184.71,230.76,67266.7,42514.95,2548.98,563.69,174.952,424.6,5797.42,18276.65,1589.08,139.56,213.65,74.68,19.8758,33.63999938964844
2024-10-24,186.38,230.57,68017.3,42374.36,2524.05,567.78,174.586,424.73,5809.86,18415.49,1600.43,140.41,260.48,74.27,19.83,33.611000061035156
2024-10-25,187.83,231.41,66884.2,42114.4,2453.46,573.25,165.414,428.15,5808.12,18518.61,1603.75,141.54,269.19,75.62,19.77,33.60300064086914
2024-10-26,,,67032.2,,2475.56,,172.657,,,,,,,,,
2024-10-27,,,67706.1,,2473.56,,175.201,,,,,,,,,
2024-10-28,188.39,233.4,70943.7,42387.57,2608.35,578.16,181.385,426.59,5823.52,18567.19,1604.51,140.52,262.51,71.87,19.84,33.83000183105469
2024-10-29,190.83,233.67,72233.8,42233.05,2644.96,593.28,180.245,431.95,5832.92,18712.75,1619.18,141.25,259.52,71.09,19.81,34.26900100708008
2024-10-30,192.73,230.1,72354.7,42141.54,2659.77,591.8,174.403,432.53,5813.67,18607.93,1630.65,139.335,257.55,73.21,19.73,33.91400146484375
2024-10-31,186.4,225.91,69369.8,41763.46,2501.41,567.58,167.042,406.35,5705.45,18095.15,1600.66,132.76,249.85,73.25,19.54,32.65299987792969
2024-11-01,197.93,222.91,69671.2,42052.19,2510.64,567.16,166.985,410.37,5728.8,18239.92,1600.61,135.4,248.98,73.63,19.5494,32.54199981689453
2024-11-02,,,68423.0,,2447.0,,162.039,,,,,,,,,
2024-11-03,,,69121.0,,2473.46,,162.99,,,,,,,,,
2024-11-04,195.78,222.01,68346.0,41794.6,2429.97,560.68,160.175,408.46,5712.69,18179.98,1598.86,136.05,242.84,74.89,19.53,32.47999954223633
2024-11-05,199.5,223.45,74552.9,42221.88,2590.98,572.43,186.058,411.46,5782.76,18439.17,1600.9,139.91,251.44,76.98,19.74,32.654998779296875
2024-11-06,207.09,222.72,74675.1,43729.93,2832.94,572.05,188.745,420.18,5929.04,18983.47,1558.16,145.61,288.53,76.52,20.25,31.22100067138672
2024-11-07,210.05,227.48,75901.8,43729.34,2905.87,591.7,197.987,425.43,5973.1,19269.46,1578.23,148.88,296.91,75.73,20.26,31.76499938964844
2024-11-08,208.18,226.96,76369.6,43988.99,2970.79,589.34,199.492,422.54,5995.54,19286.78,1574.69,147.63,321.22,74.04,20.3933,31.358999252319336
2024-11-09,,,76383.3,,3076.11,,198.296,,,,,,,,,
2024-11-10,,,81361.7,,3178.13,,207.861,,,,,,,,,
2024-11-11,206.84,224.23,88728.2,44293.13,3343.29,583.17,219.966,418.01,6001.35,19298.76,1532.43,145.26,350.0,72.19,20.51,30.540000915527344
2024-11-12,208.91,224.23,86313.8,43910.98,3156.75,584.82,201.034,423.03,5983.99,19281.4,1528.59,148.29,328.49,72.56,20.3641,30.68600082397461
2024-11-13,214.1,225.12,90015.6,43958.19,3232.51,580.0,218.941,425.2,5985.38,19230.73,1519.74,146.27,330.24,72.86,20.4,30.59000015258789
2024-11-14,211.48,228.22,87221.6,43750.86,3023.95,577.16,205.252,426.89,5949.17,19107.65,1511.64,146.76,311.18,73.39,20.2086,30.507999420166016
2024-11-15,202.61,225.0,91239.9,43444.99,3132.24,554.08,220.334,415.0,5870.62,18680.12,1510.01,141.98,320.72,73.45,20.07,30.371000289916992
2024-11-16,,,90469.5,,3113.71,,233.515,,,,,,,,,
2024-11-17,,,90532.0,,3098.83,,241.868,,,,,,,,,
2024-11-18,201.7,228.02,91376.0,43389.6,3124.43,554.4,238.797,415.76,5893.62,18791.81,1535.98,140.15,338.74,74.35,20.1228,31.163000106811523
2024-11-19,204.61,228.28,92191.1,43268.94,3096.43,561.09,232.751,417.79,5916.98,18987.47,1545.53,147.01,346.0,74.32,20.0889,31.20800018310547
2024-11-20,202.88,229.0,96865.2,43408.47,3130.18,565.52,240.01,415.49,5917.11,18966.14,1557.76,145.89,342.03,74.33,20.1334,30.95599937438965
2024-11-21,198.38,228.52,98817.0,43870.35,3398.58,563.09,260.913,412.87,5948.71,18972.42,1571.55,146.67,339.64,75.09,20.41,30.91200065612793
2024-11-22,197.12,229.87,98429.4,44296.51,3346.05,559.14,263.197,417.0,5969.34,19003.65,1593.62,141.95,352.56,76.1,20.56,31.30900001525879
2024-11-23,,,98096.2,,3408.67,,256.22,,,,,,,,,
2024-11-24,,,97706.5,,3368.51,,252.596,,,,,,,,,
2024-11-25,201.45,232.87,94440.2,44736.57,3427.38,565.11,237.806,418.79,5987.37,19054.83,1538.54,136.02,338.59,74.27,20.69,30.209999084472656
2024-11-26,207.86,235.06,92549.2,44860.31,3405.41,573.54,230.377,427.99,6021.63,19175.58,1540.7,136.92,338.23,74.56,20.72,30.38800048828125
2024-11-27,205.74,234.93,95649.2,44722.06,3603.3,569.2,240.336,422.99,5998.74,19060.48,1551.47,135.34,332.89,73.91,20.665,30.111000061035156
2024-11-28,,,96407.6,,3580.08,,240.901,,,,,,,73.92,,
2024-11-29,207.89,237.33,96672.1,44910.65,3645.53,574.32,242.432,423.46,6032.38,19218.17,1560.9,138.25,345.16,74.16,20.75,30.684999465942383
2024-11-30,,,96403.9,,3701.62,,236.654,,,,,,,,,
2024-12-01,,,96642.0,,3684.2,,228.835,,,,,,,,,
2024-12-02,210.71,239.59,95942.4,44782.0,3645.18,592.83,228.932,430.98,6047.15,19403.95,1547.8,138.63,357.09,72.81,20.6897,30.448999404907227
2024-12-03,213.44,242.65,95833.3,44705.53,3666.6,613.65,238.104,431.2,6049.88,19480.91,1553.27,140.26,351.42,74.8,20.63,31.07699966430664
2024-12-04,218.16,243.01,103127.0,45014.04,3863.38,613.78,236.991,437.42,6086.49,19735.12,1558.1,145.14,357.93,74.68,20.7,31.50499916
2024-12-05,220.55,243.04,97954.1,44765.71,3902.28,608.93,240.811,442.62,6075.11,19700.72,1541.92,145.06,369.49,73.78,20.61,31.13400077819824
2024-12-06,227.03,242.84,99566.7,44642.52,3994.69,623.77,235.32,443.57,6090.27,19859.77,1548.44,142.44,389.22,73.78,20.63,31.18600082397461
2024-12-07,,,99939.7,,4000.48,,240.666,,,,,,,,,
2024-12-08,,,99736.0,,3975.1,,237.801,,,,,,,,,
2024-12-09,226.09,246.75,96719.3,44401.93,3698.17,613.57,215.77,446.02,6052.85,19736.69,1563.69,138.81,389.79,73.73,20.45,32.215999603271484
2024-12-10,225.04,247.77,97560.2,44247.83,3671.73,619.32,218.913,443.33,6034.91,19687.24,1582.67,135.07,400.99,73.64,20.33,32.362998962402344
2024-12-11,230.26,246.49,100656.0,44148.56,3896.64,632.68,229.135,448.99,6084.19,20034.89,1604.97,139.31,424.77,74.38,20.355,32.56200027
2024-12-12,228.97,247.96,100051.0,43914.12,3918.66,630.79,226.416,449.56,6051.25,19902.84,1577.43,137.34,418.1,73.52,20.245,31.22800064086914
2024-12-13,227.46,248.13,101700.0,43828.06,3914.51,620.35,225.733,447.27,6051.09,19926.72,1557.87,134.25,436.23,74.89,20.3,30.655000686645508
2024-12-14,,,102202.0,,3892.77,,220.088,,,,,,,,,
2024-12-15,,,104508.0,,3950.8,,221.301,,,,,,,,,
2024-12-16,232.93,251.04,106484.0,43717.48,4010.26,624.24,214.223,451.59,6074.08,20173.89,1554.49,132.0,463.02,74.3,20.3,30.69700050354004
2024-12-17,231.15,253.48,103696.0,43449.9,3823.18,619.44,215.643,454.46,6050.61,20109.06,1549.84,130.39,479.86,73.16,20.1437,30.572999954223633
2024-12-18,220.52,248.05,100811.0,42326.87,3660.48,597.19,208.442,437.39,5872.16,19392.69,1544.77,128.91,440.13,74.57,19.5901,30.40999984741211
2024-12-19,223.29,249.79,97414.3,42342.24,3412.88,595.57,195.686,437.03,5867.08,19372.77,1518.46,130.68,436.17,73.75,19.4925,29.09399986
2024-12-20,224.92,254.49,97570.7,42840.26,3481.96,585.25,195.796,436.6,5930.85,19572.6,1540.0,134.7,421.06,73.19,19.7192,29.65999984741211
2024-12-21,,,96219.2,,3319.29,,180.586,,,,,,,,,
2024-12-22,,,95836.2,,3325.17,,185.08,,,,,,,,,
2024-12-23,225.06,255.27,94142.8,42906.95,3404.44,599.85,190.321,435.25,5974.07,19764.89,1530.16,139.67,430.6,72.12,19.82,29.88800048828125
2024-12-24,229.05,258.2,98263.5,43297.03,3491.44,607.75,199.07,439.33,6040.04,20031.13,1534.41,140.22,462.28,73.5,19.9721,29.974000930786133
2024-12-25,,,98395.5,,3445.18,,195.162,,,,,,,,,
2024-12-26,227.05,259.02,96343.7,43325.8,3380.29,603.35,189.88,438.11,6037.59,20020.36,1545.12,139.93,454.13,,20.03,30.04700088500977
2024-12-27,223.75,255.59,94534.0,42992.21,3347.76,599.81,184.723,430.53,5970.84,19722.03,1532.31,137.01,431.66,73.77,19.8553,29.655000686645508
2024-12-28,,,95097.0,,3387.96,,194.341,,,,,,,,,
2024-12-29,,,93468.7,,3399.12,,190.423,,,,,,,,,
2024-12-30,221.3,252.2,92408.6,42573.73,3336.32,591.24,188.49,424.83,5906.94,19486.78,1524.28,137.49,417.41,74.24,19.68,29.106000900268555
2024-12-31,219.39,250.42,93631.3,42544.22,3346.34,585.51,189.61,421.5,5881.63,19310.79,1537.61,134.29,403.84,74.58,19.62,28.940000534057617
2025-01-01,,,95886.0,,3423.06,,204.354,,,,,,,,,
2025-01-02,220.22,243.85,96766.0,42392.27,3458.72,599.24,207.878,418.58,5868.55,19280.79,1553.91,138.31,379.28,76.14,19.5678,29.621999740600582
2025-01-03,224.19,243.36,97948.5,42732.13,3589.12,604.63,216.477,423.35,5942.47,19621.68,1545.59,144.47,410.44,76.72,19.75,29.805999755859375
2025-01-04,,,98383.3,,3643.81,,218.508,,,,,,,,,
2025-01-05,,,99318.1,,3666.21,,215.642,,,,,,,,,
2025-01-06,227.61,245.0,101787.0,42706.56,3676.46,630.2,216.642,427.85,5975.38,19864.98,1541.34,149.43,411.05,77.27,19.78,30.34199905395508
2025-01-07,222.11,242.21,96207.2,42528.36,3348.05,617.89,197.689,422.37,5909.03,19489.68,1551.82,140.14,394.36,77.84,19.68,30.44700050354004
2025-01-08,222.13,242.7,94312.0,42635.2,3330.65,610.72,194.618,424.56,5918.25,19478.88,1558.91,140.11,394.94,77.37,19.7045,30.45199966430664
2025-01-09,,,93724.0,,3251.54,,188.767,,,,,,,78.44,,30.791000366210938
2025-01-10,218.94,236.85,93910.4,41938.45,3234.73,615.86,185.223,418.95,5827.04,19161.63,1590.34,135.91,394.74,79.76,19.46,31.090999603271484
2025-01-11,,,94609.7,,3288.43,,187.25,,,,,,,,,
2025-01-12,,,94524.3,,3241.63,,185.878,,,,,,,,,
2025-01-13,218.46,234.4,94984.1,42297.12,3168.55,608.33,185.08,417.19,5836.22,19088.1,1572.31,133.23,403.31,82.69,19.56,30.090999603271484
2025-01-14,217.76,233.28,97183.0,42518.28,3226.82,594.25,189.332,415.67,5842.91,19044.39,1577.84,131.76,396.36,82.39,19.6346,30.131999969482425
2025-01-15,223.35,237.87,99589.9,43221.55,3370.29,617.12,201.739,426.31,5949.91,19511.23,1597.52,136.24,428.22,83.48,19.86,31.319000244140625
2025-01-16,220.66,228.26,101217.0,43153.13,3366.22,611.3,212.448,424.58,5937.34,19338.29,1616.5,133.57,413.82,82.39,20.07,31.52300071716309
2025-01-17,225.94,229.98,103429.0,43487.83,3367.28,612.77,229.745,429.03,5996.66,19630.2,1615.63,137.71,426.5,83.02,20.19,30.951000213623047
2025-01-18,,,104860.0,,3293.39,,270.967,,,,,,,,,
2025-01-19,,,102381.0,,3275.71,,245.236,,,,,,,,,
2025-01-20,,,102312.0,,3235.98,,235.578,,,,,,,81.68,,
2025-01-21,230.71,222.64,105559.0,44025.81,3325.53,616.46,254.497,428.5,6049.24,19756.78,1621.8,140.83,424.07,80.57,20.45,31.31100082397461
2025-01-22,235.01,223.83,102011.0,44156.73,3196.43,623.5,246.647,446.2,6086.37,20009.34,1628.67,147.07,415.11,80.0,20.44,31.23900032043457
2025-01-23,235.42,223.66,104563.0,44565.07,3331.95,636.45,254.119,446.71,6118.71,20053.68,1625.47,147.22,412.38,78.62,20.5433,30.67300033569336
2025-01-24,234.85,222.78,104861.0,44424.25,3310.55,647.49,251.185,444.06,6101.24,19954.3,1634.02,142.62,406.58,78.71,20.5432,31.02300071716309
2025-01-25,,,105214.0,,3353.36,,259.154,,,,,,,,,
2025-01-26,,,100482.0,,3164.58,,232.052,,,,,,,,,
2025-01-27,235.42,229.86,102979.0,44713.58,3213.83,659.88,240.414,434.56,6012.28,19341.83,1610.5,118.42,397.15,77.3,20.49,30.253999710083008
2025-01-28,238.15,238.26,102070.0,44850.35,3128.4,674.33,230.938,447.2,6067.7,19733.59,1627.04,128.99,398.09,78.01,20.43,30.72699928283691
2025-01-29,237.07,239.36,105361.0,44713.52,3195.29,676.49,240.871,442.33,6039.31,19632.32,1626.4,123.7,389.1,77.02,20.41,31.238000869750977
2025-01-30,234.64,237.59,104197.0,44882.13,3223.77,687.0,236.217,414.99,6071.17,19681.75,1656.5,124.65,400.28,77.42,20.65,32.36399841308594
2025-01-31,237.68,236.0,102381.0,44544.66,3301.14,689.18,232.104,415.06,6040.53,19627.44,1650.56,120.07,404.6,77.11,20.53,32.12799835205078
2025-02-01,,,100785.0,,3138.92,,215.053,,,,,,,,,
2025-02-02,,,93027.2,,2466.66,,191.892,,,,,,,,,
2025-02-03,237.42,228.01,100151.0,44421.91,2801.38,697.46,213.47,410.92,5994.57,19391.96,1663.43,116.66,383.68,76.49,20.48,32.391998291015625
2025-02-04,242.06,232.8,98213.4,44556.04,2730.95,704.19,205.949,412.37,6037.88,19654.01,1674.31,118.65,392.21,76.58,20.55,32.88800048828125
2025-02-05,236.17,232.47,97631.2,44873.28,2824.28,704.87,201.176,413.29,6061.48,19692.33,1684.33,124.83,378.17,74.71,20.74,32.856998443603516
2025-02-06,238.83,233.22,97467.5,44747.63,2718.16,711.99,194.132,415.82,6083.57,19791.99,1674.84,128.68,374.32,74.54,20.76,32.518001556396484
2025-02-07,229.15,227.63,96402.1,44303.4,2634.16,714.52,191.769,409.75,6025.99,19523.4,1681.18,129.84,361.62,74.68,20.66,32.334999084472656
2025-02-08,,,96623.3,,2644.56,,199.659,,,,,,,,,
2025-02-09,,,96852.7,,2655.78,,204.395,,,,,,,,,
2025-02-10,233.14,227.65,98069.6,44470.41,2693.01,717.4,203.346,412.22,6066.44,19714.27,1708.43,133.57,350.73,76.23,20.77,32.391998291015625
2025-02-11,232.76,232.62,95525.6,44593.65,2593.16,719.8,194.256,411.44,6068.5,19643.86,1707.38,132.8,328.5,77.65,20.7671,32.23099899291992
2025-02-12,228.93,236.87,97003.8,44368.56,2724.14,725.38,195.815,409.04,6051.97,19649.95,1705.11,131.14,336.51,75.38,20.72,32.69499969482422
2025-02-13,230.37,241.53,96789.0,44711.43,2698.78,728.56,195.501,410.54,6115.07,19945.64,1714.84,135.29,355.94,75.61,20.8698,32.650001525878906
2025-02-14,228.68,244.6,97556.3,44546.08,2720.57,736.67,197.51,408.43,6114.63,20026.77,1688.81,138.85,355.84,75.19,20.83,32.80099868774414
2025-02-15,,,97526.4,,2701.64,,194.573,,,,,,,,,
2025-02-16,,,96115.5,,2664.01,,184.049,,,,,,,,,
2025-02-17,,,95985.7,,2694.83,,175.881,,,,,,,75.81,,
2025-02-18,226.65,244.47,95439.1,44556.34,2678.0,716.37,165.01,409.64,6129.58,20041.26,1716.93,139.4,354.11,76.46,20.93,33.31700134277344
2025-02-19,226.63,244.87,97194.1,44627.59,2742.22,703.77,172.747,414.77,6144.15,20056.25,1709.42,139.23,360.56,76.34,20.97,32.99300003051758
2025-02-20,222.88,245.83,98206.6,44176.65,2750.13,694.84,173.713,416.13,6117.52,19962.36,1721.06,140.11,354.4,76.95,20.84,33.444000244140625
2025-02-21,216.58,245.55,96376.2,43428.02,2681.47,683.55,171.055,408.21,6013.13,19524.01,1719.38,134.43,337.8,74.88,20.5,32.97600173950195
2025-02-22,,,96437.7,,2761.71,,170.767,,,,,,,,,
2025-02-23,,,95343.7,,2706.17,,159.142,,,,,,,,,
2025-02-24,212.71,247.1,92095.2,43461.21,2499.62,668.13,138.675,404.0,5983.25,19286.92,1725.2,130.28,330.53,74.89,20.49,32.57500076293945
2025-02-25,212.8,247.04,88825.9,43621.16,2491.22,657.5,142.674,397.9,5955.25,19026.39,1699.35,126.63,302.8,73.11,20.46,31.801000595092773
2025-02-26,214.35,240.36,85147.0,43433.12,2314.35,673.7,137.975,399.73,5956.06,19075.26,1706.22,131.28,290.8,73.49,20.47,32.25299835205078
2025-02-27,208.74,237.3,80505.0,43239.5,2143.36,658.24,128.587,392.53,5861.57,18544.42,1686.02,120.15,281.95,75.01,20.28,31.801000595092773
2025-02-28,212.28,241.84,86074.4,43840.91,2267.34,668.2,146.407,396.99,5954.5,18847.28,1658.42,124.92,292.98,74.76,20.54,31.21899986
2025-03-01,,,85827.0,,2219.46,,141.976,,,,,,,,,
2025-03-02,,,92940.1,,2452.1,,169.378,,,,,,,,,
2025-03-03,205.02,238.03,83745.7,43191.24,2092.34,655.05,137.062,388.49,5849.72,18350.19,1689.04,114.06,284.65,72.85,20.3,32.03200149536133
2025-03-04,203.8,235.93,87008.0,42520.99,2172.15,640.0,141.804,388.61,5778.15,18285.16,1700.4,115.99,272.04,72.31,20.01,32.108001708984375
2025-03-05,208.36,235.74,92242.8,43006.59,2294.28,656.47,149.057,401.02,5842.63,18552.73,1703.54,117.3,279.1,70.92,20.2,32.858001708984375
2025-03-06,200.7,235.33,87609.3,42579.08,2156.25,627.93,141.14,396.89,5738.52,18069.26,1703.89,110.57,263.45,71.08,19.87,33.06299973
2025-03-07,199.25,239.07,86485.8,42801.72,2151.74,625.66,140.818,393.31,5770.2,18196.22,1699.96,112.69,262.67,72.49,19.95,32.54800033569336
2025-03-08,,,86027.7,,2186.72,,138.073,,,,,,,,,
2025-03-09,,,82197.8,,2061.13,,126.993,,,,,,,,,
2025-03-10,194.54,227.48,79647.5,41911.71,1857.72,597.99,120.353,380.16,5614.56,17468.32,1694.6,106.98,222.15,71.08,19.55,32.275001525878906
2025-03-11,196.59,220.84,82222.1,41433.48,1871.67,605.71,122.884,380.45,5572.07,17436.1,1710.39,108.76,230.58,71.51,19.33,32.88800048828125
2025-03-12,198.89,216.98,83632.9,41350.93,1889.03,619.56,125.038,383.27,5599.3,17648.45,1728.69,115.74,248.09,72.36,19.37,33.48400115966797
2025-03-13,193.89,209.68,81809.9,40813.57,1887.98,590.64,124.57,378.77,5521.52,17303.01,1757.98,115.58,240.68,70.82,19.17,34.05099868774414
2025-03-14,197.95,213.49,84479.0,41488.19,1920.64,607.6,135.189,388.56,5638.94,17754.09,1763.45,121.67,249.98,71.94,19.51,34.18700027
2025-03-15,,,84295.1,,1928.55,,135.425,,,,,,,,,
2025-03-16,,,83665.4,,1909.39,,128.756,,,,,,,,,
2025-03-17,195.74,214.0,83746.5,41841.63,1920.15,604.9,126.424,388.7,5675.12,17808.66,1766.48,119.53,238.01,71.93,19.79,34.07400131225586
2025-03-18,192.82,212.69,82962.4,41581.31,1937.18,582.36,126.182,383.52,5614.66,17504.12,1786.74,115.43,225.31,71.93,19.66,34.57899856567383
2025-03-19,195.54,215.24,85863.2,41964.63,2022.25,584.06,133.942,387.82,5675.29,17750.79,1786.85,117.52,235.86,71.94,19.85,33.974998474121094
2025-03-20,194.95,214.1,84476.0,41953.32,1979.54,586.0,127.999,386.84,5662.89,17691.63,1788.13,118.53,236.26,72.61,19.81,33.7859993
2025-03-21,196.21,218.27,84222.6,41985.35,1986.06,596.25,128.857,391.26,5667.56,17784.05,1774.8,117.7,248.71,72.64,19.72,33.290000915527344
2025-03-22,,,84249.1,,2007.26,,130.395,,,,,,,,,
2025-03-23,,,86390.1,,2010.8,,138.096,,,,,,,,,
2025-03-24,203.26,220.73,86501.2,42583.32,2046.31,618.85,138.6,393.08,5767.57,18188.59,1772.24,121.41,278.39,73.96,20.05,33.26499938964844
2025-03-25,205.71,223.75,87079.2,42587.5,2045.07,626.31,141.66,395.16,5776.65,18271.86,1778.24,120.69,288.14,73.78,20.0,34.00199890136719
2025-03-26,201.13,221.53,87641.4,42454.79,2030.16,610.98,139.431,389.97,5712.2,17899.01,1777.07,113.76,272.06,74.6,19.89,34.03300094604492
2025-03-27,201.36,223.85,86798.8,42299.7,1999.41,602.58,136.801,390.58,5693.31,17804.03,1799.55,111.43,273.13,74.72,19.82,34.89699935913086
2025-03-28,192.72,217.9,84234.7,41583.9,1903.32,576.74,129.053,378.8,5580.94,17322.99,1813.17,109.67,263.55,74.69,19.51,34.64400100708008
2025-03-29,,,82450.5,,1818.57,,123.668,,,,,,,,,
2025-03-30,,,81573.8,,1797.58,,124.676,,,,,,,,,
2025-03-31,190.26,222.13,83003.0,42001.76,1834.43,576.36,125.81,375.39,5611.85,17299.29,1834.13,108.38,259.16,77.23,19.7,34.457000732421875
2025-04-01,192.17,223.19,84595.6,41989.96,1877.97,586.0,124.481,382.19,5633.07,17449.89,1831.63,110.15,268.46,77.78,19.66,34.15800094604492
2025-04-02,196.01,223.89,83465.9,42225.32,1821.18,583.93,120.089,382.14,5670.97,17601.05,1843.39,110.42,282.76,77.27,19.8,34.499000549316406
2025-04-03,178.41,203.19,82806.9,40545.93,1792.36,531.62,115.408,373.11,5396.52,16550.61,1817.48,101.8,267.28,72.54,19.02,31.84399986
2025-04-04,171.0,188.38,83724.0,38314.86,1812.52,504.73,120.951,359.84,5074.08,15587.79,1767.23,94.31,239.43,68.36,17.81,29.11599922180176
2025-04-05,,,83285.7,,1807.08,,119.702,,,,,,,,,
2025-04-06,,,77425.3,,1539.31,,102.68,,,,,,,,,
2025-04-07,175.26,181.46,79783.0,37965.6,1580.38,516.25,110.906,357.86,5062.25,15603.26,1731.25,97.64,233.29,66.13,17.78,29.510000228881836
2025-04-07,175.26,181.46,79783.0,37965.6,1580.38,516.25,110.906,357.86,5062.25,15603.26,1731.25,97.64,233.29,66.13,17.78,29.604
2025-04-08,170.66,172.42,75210.7,37645.59,1419.0,510.45,103.349,354.56,4982.77,15267.91,1740.92,96.3,221.86,64.86,17.58,29.686
2025-04-08,170.66,172.42,75210.7,37645.59,1419.0,510.45,103.349,354.56,4982.77,15267.91,1740.92,96.3,221.86,64.86,17.58,29.59199905395508
2025-04-09,191.1,198.85,81683.2,40608.45,1610.92,585.77,115.218,390.49,5456.9,17124.97,1792.85,114.33,272.2,67.3,18.95,30.415
2025-04-09,191.1,198.85,81683.2,40608.45,1610.92,585.77,115.218,390.49,5456.9,17124.97,1792.85,114.33,272.2,67.3,18.95,30.322999954223633
2025-04-10,181.22,190.42,80775.1,39593.66,1542.73,546.29,115.45,381.35,5268.05,16387.31,1849.96,107.57,252.4,65.37,18.35,30.67099952697754
2025-04-10,181.22,190.42,80775.1,39593.66,1542.73,546.29,115.45,381.35,5268.05,16387.31,1849.96,107.57,252.4,65.37,18.35,30.759
2025-04-11,184.87,198.15,83084.1,40212.71,1556.99,543.57,120.381,388.45,5363.36,16724.46,1889.03,110.93,252.31,66.83,18.62,31.91
2025-04-11,184.87,198.15,83084.1,40212.71,1556.99,543.57,120.381,388.45,5363.36,16724.46,1889.03,110.93,252.31,66.83,18.62,31.823999404907227
2025-04-12,,,85526.4,,1625.81,,131.844,,,,,,,,,
2025-04-13,,,84582.1,,1629.15,,131.848,,,,,,,,,
2025-04-14,182.12,202.52,85329.6,40524.79,1638.91,531.48,130.457,387.81,5405.97,16831.48,1878.38,110.71,252.35,67.18,18.8,32.167
2025-04-14,182.12,202.52,85329.6,40524.79,1638.91,531.48,130.457,387.81,5405.97,16831.48,1878.38,110.71,252.35,67.18,18.8,32.09199905395508
2025-04-15,179.59,202.14,83711.5,40368.96,1589.78,521.52,126.255,385.73,5396.63,16823.17,1886.59,112.2,254.11,66.58,18.78,32.297
2025-04-15,179.59,202.14,83711.5,40368.96,1589.78,521.52,126.255,385.73,5396.63,16823.17,1886.59,112.2,254.11,66.58,18.78,32.22700119018555
2025-04-16,174.33,194.27,83976.7,39669.39,1583.8,502.31,129.956,371.61,5275.7,16307.16,1948.3,104.49,241.55,67.94,18.51,32.92599868774414
2025-04-16,174.33,194.27,83976.7,39669.39,1583.8,502.31,129.956,371.61,5275.7,16307.16,1948.3,104.49,241.55,67.94,18.51,32.98
2025-04-17,172.61,196.98,84808.9,39142.23,1582.55,501.48,134.587,367.78,5282.7,16286.45,1937.82,101.49,241.37,69.33,18.6,32.47
2025-04-17,172.61,196.98,84808.9,39142.23,1582.55,501.48,134.587,367.78,5282.7,16286.45,1937.82,101.49,241.37,69.33,18.6,32.41999816894531
2025-04-18,,,84882.7,,1598.96,,138.708,,,,,,,,,
2025-04-19,,,85139.1,,1610.45,,140.9,,,,,,,,,
2025-04-20,,,87237.0,,1636.15,,139.615,,,,,,,,,
2025-04-21,167.32,193.16,88153.5,38170.41,1578.7,484.66,139.306,359.12,5158.2,15870.9,1994.24,96.91,227.5,,18.26,32.521
2025-04-21,167.32,193.16,88153.5,38170.41,1578.7,484.66,139.306,359.12,5158.2,15870.9,1994.24,96.91,227.5,,18.26,32.49599838256836
2025-04-22,173.18,199.74,93077.5,39186.98,1792.05,500.28,149.165,366.82,5287.76,16300.42,1990.8,98.89,237.97,68.93,18.67,32.880001068115234
2025-04-22,173.18,199.74,93077.5,39186.98,1792.05,500.28,149.165,366.82,5287.76,16300.42,1990.8,98.89,237.97,68.93,18.67,32.905
2025-04-23,180.6,204.6,92757.8,39606.57,1770.47,520.27,147.947,374.39,5375.86,16708.05,1917.85,102.71,250.74,68.26,18.91,33.518001556396484
2025-04-23,180.6,204.6,92757.8,39606.57,1770.47,520.27,147.947,374.39,5375.86,16708.05,1917.85,102.71,250.74,68.26,18.91,33.547
2025-04-24,186.54,208.37,93381.3,40093.4,1760.77,533.15,151.79,387.3,5484.77,17166.04,1949.58,106.43,259.51,67.5,19.2454,33.503
2025-04-24,186.54,208.37,93381.3,40093.4,1760.77,533.15,151.79,387.3,5484.77,17166.04,1949.58,106.43,259.51,67.5,19.2454,33.481998443603516
2025-04-25,188.99,209.28,94759.5,40113.5,1797.27,547.27,151.346,391.85,5525.21,17382.94,1920.35,111.01,284.95,66.99,19.24,33.01
2025-04-25,188.99,209.28,94759.5,40113.5,1797.27,547.27,151.346,391.85,5525.21,17382.94,1920.35,111.01,284.95,66.99,19.24,32.98899841308594
2025-04-26,,,94183.8,,1807.26,,147.209,,,,,,,,,
2025-04-27,,,93829.5,,1782.72,,148.419,,,,,,,,,
2025-04-28,187.7,210.14,94767.3,40227.59,1803.78,549.74,147.59,391.16,5528.75,17366.13,1949.06,108.73,285.88,66.13,19.31,33.005
2025-04-28,187.7,210.14,94767.3,40227.59,1803.78,549.74,147.59,391.16,5528.75,17366.13,1949.06,108.73,285.88,66.13,19.31,32.99000168
2025-04-29,187.39,211.21,94976.9,40527.62,1805.23,554.44,147.61,394.04,5560.83,17461.32,1940.85,109.02,292.03,64.04,19.48,33.275001525878906
2025-04-29,187.39,211.21,94976.9,40527.62,1805.23,554.44,147.61,394.04,5560.83,17461.32,1940.85,109.02,292.03,64.04,19.48,33.577
2025-04-30,184.42,212.5,94799.5,40669.36,1810.72,549.0,148.794,395.26,5569.06,17446.34,1932.41,108.92,282.16,63.37,19.5303,32.53099822998047
2025-04-30,184.42,212.5,94799.5,40669.36,1810.72,549.0,148.794,395.26,5569.06,17446.34,1932.41,108.92,282.16,63.37,19.5303,32.828
2025-05-01,190.2,213.32,97165.1,40752.96,1848.98,572.21,150.765,425.4,5604.14,17710.74,1875.99,111.61,280.52,62.37,19.4579,32.469
2025-05-01,190.2,213.32,97165.1,40752.96,1848.98,572.21,150.765,425.4,5604.14,17710.74,1875.99,111.61,280.52,62.37,19.4579,32.18899917602539
2025-05-02,189.98,205.35,96398.9,41317.43,1836.02,597.02,148.395,435.28,5686.67,17977.73,1888.27,114.5,287.21,61.57,19.7954,31.98900032043457
2025-05-02,189.98,205.35,96398.9,41317.43,1836.02,597.02,148.395,435.28,5686.67,17977.73,1888.27,114.5,287.21,61.57,19.7954,32.259
2025-05-03,,,96120.2,,1825.27,,147.383,,,,,,,,,
2025-05-04,,,94119.1,,1795.07,,144.969,,,,,,,,,
2025-05-05,186.35,198.89,94510.3,41218.83,1807.1,599.27,144.656,436.17,5650.38,17844.24,1934.27,113.82,280.26,,19.7,32.474
2025-05-05,186.35,198.89,94510.3,41218.83,1807.1,599.27,144.656,436.17,5650.38,17844.24,1934.27,113.82,280.26,,19.7,32.20500183105469
2025-05-06,185.01,198.51,94440.5,40829.0,1803.93,587.31,145.326,433.31,5606.91,17689.66,1992.78,113.54,275.35,62.37,19.58,33.381
2025-05-06,185.01,198.51,94440.5,40829.0,1803.93,587.31,145.326,433.31,5606.91,17689.66,1992.78,113.54,275.35,62.37,19.58,33.112998962402344
2025-05-07,188.71,196.25,98987.3,41113.97,1885.56,596.81,150.485,433.35,5631.28,17738.16,1978.2,117.06,276.22,60.31,19.69,32.791
2025-05-07,188.71,196.25,98987.3,41113.97,1885.56,596.81,150.485,433.35,5631.28,17738.16,1978.2,117.06,276.22,60.31,19.69,32.53099822998047
2025-05-08,192.08,197.49,102442.0,41368.45,2222.59,598.01,162.072,438.17,5663.94,17928.14,1931.46,117.37,284.82,62.22,19.76,32.37799835205078
2025-05-08,192.08,197.49,102442.0,41368.45,2222.59,598.01,162.072,438.17,5663.94,17928.14,1931.46,117.37,284.82,62.22,19.76,32.617
2025-05-09,193.06,198.53,103178.0,41249.38,2340.72,592.49,171.606,438.73,5659.91,17928.92,1956.89,116.65,298.26,64.26,19.75,32.914
2025-05-09,193.06,198.53,103178.0,41249.38,2340.72,592.49,171.606,438.73,5659.91,17928.92,1956.89,116.65,298.26,64.26,19.75,32.67599868774414
2025-05-10,,,104113.0,,2538.27,,176.149,,,,,,,,,
2025-05-11,,,104075.0,,2517.43,,174.77,,,,,,,,,
2025-05-12,208.64,210.79,101658.0,42410.1,2419.66,639.43,167.374,449.26,5844.19,18708.34,1892.45,123.0,318.38,65.28,20.19,32.624
2025-05-12,208.64,210.79,101658.0,42410.1,2419.66,639.43,167.374,449.26,5844.19,18708.34,1892.45,123.0,318.38,65.28,20.19,32.38800048828125
2025-05-13,211.37,212.93,103570.0,42140.43,2639.78,656.03,180.104,449.14,5886.55,19010.08,1907.25,129.93,334.07,66.93,20.2681,33.1
2025-05-13,211.37,212.93,103570.0,42140.43,2639.78,656.03,180.104,449.14,5886.55,19010.08,1907.25,129.93,334.07,66.93,20.2681,32.86800003051758
2025-05-14,210.25,212.33,102884.0,42051.06,2578.53,659.36,174.915,452.94,5892.58,19146.81,1872.38,135.34,347.68,65.91,20.1646,32.444
2025-05-14,210.25,212.33,102884.0,42051.06,2578.53,659.36,174.915,452.94,5892.58,19146.81,1872.38,135.34,347.68,65.91,20.1646,32.22600173950195
2025-05-15,205.17,211.45,104080.0,42322.75,2579.24,643.88,172.739,453.13,5916.93,19112.32,1894.56,134.83,342.82,64.36,20.34,32.68
2025-05-15,205.17,211.45,104080.0,42322.75,2579.24,643.88,172.739,453.13,5916.93,19112.32,1894.56,134.83,342.82,64.36,20.34,32.48099899291992
2025-05-16,205.59,211.26,103477.0,42654.74,2491.37,640.34,167.091,454.27,5958.38,19211.1,1871.45,135.4,349.98,65.2,20.495,32.354
2025-05-16,205.59,211.26,103477.0,42654.74,2491.37,640.34,167.091,454.27,5958.38,19211.1,1871.45,135.4,349.98,65.2,20.495,32.15800094604492
2025-05-17,,,103263.0,,2478.09,,166.912,,,,,,,,,
2025-05-18,,,103927.0,,2386.7,,165.592,,,,,,,,,
2025-05-19,206.16,208.78,105681.0,42792.07,2550.45,640.43,168.694,458.87,5963.6,19215.46,1898.81,135.57,342.09,66.25,20.545,32.507
2025-05-19,206.16,208.78,105681.0,42792.07,2550.45,640.43,168.694,458.87,5963.6,19215.46,1898.81,135.57,342.09,66.25,20.545,32.31299973
2025-05-20,204.07,206.86,107030.0,42677.24,2549.24,637.1,170.35,458.17,5940.46,19142.71,1928.62,134.38,343.82,66.93,20.49,32.97999954223633
2025-05-20,204.07,206.86,107030.0,42677.24,2549.24,637.1,170.35,458.17,5940.46,19142.71,1928.62,134.38,343.82,66.93,20.49,33.174
2025-05-21,201.12,202.09,111831.0,41860.44,2640.24,635.5,177.321,452.57,5844.61,18872.64,1945.68,131.8,334.62,65.86,20.1,33.646
2025-05-21,201.12,202.09,111831.0,41860.44,2640.24,635.5,177.321,452.57,5844.61,18872.64,1945.68,131.8,334.62,65.86,20.1,33.46300125
2025-05-22,203.1,201.36,111129.0,41859.09,2724.93,636.57,184.816,454.86,5842.01,18925.73,1935.03,132.83,341.04,64.87,20.0808,33.219
2025-05-22,203.1,201.36,111129.0,41859.09,2724.93,636.57,184.816,454.86,5842.01,18925.73,1935.03,132.83,341.04,64.87,20.0808,33.047000885009766
2025-05-23,200.99,195.27,108121.0,41603.07,2545.96,627.06,174.469,450.18,5802.82,18737.21,1976.3,131.29,339.34,65.41,19.99,33.44200134277344
2025-05-23,200.99,195.27,108121.0,41603.07,2545.96,627.06,174.469,450.18,5802.82,18737.21,1976.3,131.29,339.34,65.41,19.99,33.609
2025-05-24,,,108191.0,,2516.85,,173.727,,,,,,,,,
2025-05-25,,,109633.0,,2562.67,,177.178,,,,,,,,,
2025-05-26,,,108951.0,,2550.53,,173.791,,,,,,,,,33.609
2025-05-27,206.02,200.21,108925.0,42343.65,2648.11,642.32,175.25,460.69,5921.54,19199.16,1937.76,135.5,362.89,64.32,20.3494,33.311
2025-05-27,206.02,200.21,108925.0,42343.65,2648.11,642.32,175.25,460.69,5921.54,19199.16,1937.76,135.5,362.89,64.32,20.3494,33.145999908447266
2025-05-28,204.72,200.42,108045.0,42098.7,2755.91,643.58,173.58,457.36,5888.55,19100.94,1934.33,134.81,356.9,65.72,20.232,33.0
2025-05-28,204.72,200.42,108045.0,42098.7,2755.91,643.58,173.58,457.36,5888.55,19100.94,1934.33,134.81,356.9,65.72,20.232,33.16
2025-05-29,205.7,199.95,106021.0,42215.73,2632.92,645.05,164.99,458.68,5912.17,19175.87,1946.84,139.19,358.43,64.6,20.29,33.28300094604492
2025-05-29,205.7,199.95,106021.0,42215.73,2632.92,645.05,164.99,458.68,5912.17,19175.87,1946.84,139.19,358.43,64.6,20.29,33.423
2025-05-30,205.01,200.85,103675.0,42270.07,2514.63,647.49,154.401,460.36,5911.69,19113.77,1930.25,135.13,346.46,64.32,20.36,33.029
2025-05-30,205.01,200.85,103675.0,42270.07,2514.63,647.49,154.401,460.36,5911.69,19113.77,1930.25,135.13,346.46,64.32,20.36,32.891998291015625
2025-05-31,,,103495.0,,2519.88,,153.133,,,,,,,,,
2025-06-01,,,104904.0,,2495.61,,155.714,,,,,,,,,
2025-06-02,206.65,201.7,105514.0,42305.48,2603.93,670.9,159.334,461.97,5935.94,19242.61,1977.88,137.38,342.69,66.55,20.45,34.694
2025-06-02,206.65,201.7,105514.0,42305.48,2603.93,670.9,159.334,461.97,5935.94,19242.61,1977.88,137.38,342.69,66.55,20.45,34.56299973
2025-06-03,205.71,203.27,105582.0,42519.64,2630.49,666.85,156.741,462.97,5970.37,19398.96,1966.17,141.22,344.27,67.48,20.52,34.633
2025-06-03,205.71,203.27,105582.0,42519.64,2630.49,666.85,156.741,462.97,5970.37,19398.96,1966.17,141.22,344.27,67.48,20.52,34.50299835205078
2025-06-04,207.23,202.82,105070.0,42427.74,2627.57,687.95,153.903,463.87,5970.81,19460.49,1979.04,141.92,332.05,66.69,20.53,34.51900100708008
2025-06-04,207.23,202.82,105070.0,42427.74,2627.57,687.95,153.903,463.87,5970.81,19460.49,1979.04,141.92,332.05,66.69,20.53,34.648
2025-06-05,207.91,200.63,102513.0,42319.74,2451.29,684.62,146.64,467.68,5939.3,19298.45,1965.01,139.99,284.7,67.14,20.47,35.68899917602539
2025-06-05,207.91,200.63,102513.0,42319.74,2451.29,684.62,146.64,467.68,5939.3,19298.45,1965.01,139.99,284.7,67.14,20.47,35.805
2025-06-06,213.57,203.92,104880.0,42762.87,2491.44,697.71,149.675,470.38,6000.36,19529.95,1948.42,141.72,295.14,68.02,20.6389,36.139
2025-06-06,213.57,203.92,104880.0,42762.87,2491.44,697.71,149.675,470.38,6000.36,19529.95,1948.42,141.72,295.14,68.02,20.6389,36.025001525878906
2025-06-07,,,105814.0,,2520.48,,151.167,,,,,,,,,
2025-06-08,,,105436.0,,2516.33,,149.543,,,,,,,,,
2025-06-09,216.98,201.45,109514.0,42761.76,2687.9,694.06,159.392,472.75,6005.88,19591.24,1953.25,142.63,308.58,68.73,20.6049,36.68799973
2025-06-09,216.98,201.45,109514.0,42761.76,2687.9,694.06,159.392,472.75,6005.88,19591.24,1953.25,142.63,308.58,68.73,20.6049,36.796
2025-06-10,217.61,202.67,109567.0,42866.87,2760.98,702.4,160.382,470.92,6038.81,19714.99,1946.55,143.96,326.09,68.41,20.66,36.642
2025-06-10,217.61,202.67,109567.0,42866.87,2760.98,702.4,160.382,470.92,6038.81,19714.99,1946.55,143.96,326.09,68.41,20.66,36.54199981689453
2025-06-11,213.2,198.78,107884.0,42865.77,2769.05,694.14,159.991,472.62,6022.24,19615.88,1946.73,142.83,326.43,71.29,20.6828,36.261
2025-06-11,213.2,198.78,107884.0,42865.77,2769.05,694.14,159.991,472.62,6022.24,19615.88,1946.73,142.83,326.43,71.29,20.6828,36.16600036621094
2025-06-12,213.24,199.2,104098.0,42967.62,2505.82,693.36,144.071,478.87,6045.26,19662.48,1980.9,145.0,319.11,70.84,20.74,36.295
2025-06-12,213.24,199.2,104098.0,42967.62,2505.82,693.36,144.071,478.87,6045.26,19662.48,1980.9,145.0,319.11,70.84,20.74,36.21300125
2025-06-13,212.1,196.45,105209.0,42197.79,2548.56,682.87,146.65,474.96,5976.97,19406.83,2010.25,141.97,325.31,76.0,20.55,36.355
2025-06-13,212.1,196.45,105209.0,42197.79,2548.56,682.87,146.65,474.96,5976.97,19406.83,2010.25,141.97,325.31,76.0,20.55,36.28099822998047
2025-06-14,,,105512.0,,2531.58,,145.712,,,,,,,,,
2025-06-15,,,105906.0,,2568.87,,155.66,,,,,,,,,
2025-06-16,216.1,198.42,107588.0,42515.09,2605.16,702.12,153.309,479.14,6033.11,19701.21,1989.58,144.69,329.13,75.05,20.68,36.448
2025-06-16,216.1,198.42,107588.0,42515.09,2605.16,702.12,153.309,479.14,6033.11,19701.21,1989.58,144.69,329.13,75.05,20.68,36.37900161743164
2025-06-17,214.82,195.64,104994.0,42215.8,2525.55,697.23,147.986,478.04,5982.72,19521.09,1983.52,144.12,316.35,78.7,20.52,37.09000015258789
2025-06-17,214.82,195.64,104994.0,42215.8,2525.55,697.23,147.986,478.04,5982.72,19521.09,1983.52,144.12,316.35,78.7,20.52,37.151
2025-06-18,212.52,196.58,104964.0,42171.66,2520.25,695.77,146.153,480.24,5980.87,19546.27,1984.22,145.48,322.05,78.38,20.51,36.86600112915039
2025-06-18,212.52,196.58,104964.0,42171.66,2520.25,695.77,146.153,480.24,5980.87,19546.27,1984.22,145.48,322.05,78.38,20.51,36.913
2025-06-19,,,104617.0,,2517.18,,145.48,,,,,,,80.37,,36.913
2025-06-20,209.69,201.0,103617.0,42206.82,2427.82,682.35,140.774,477.4,5967.84,19447.41,1971.18,143.85,322.16,78.73,20.465,36.017
2025-06-20,209.69,201.0,103617.0,42206.82,2427.82,682.35,140.774,477.4,5967.84,19447.41,1971.18,143.85,322.16,78.73,20.465,35.97600173950195
2025-06-21,,,102151.0,,2259.77,,134.652,,,,,,,,,
2025-06-22,,,101153.0,,2234.44,,132.522,,,,,,,,,
2025-06-23,208.47,201.5,104945.0,42581.78,2401.13,698.53,143.297,486.0,6025.17,19630.97,1976.6,144.17,348.68,74.34,20.65,36.15299987792969
2025-06-23,208.47,201.5,104945.0,42581.78,2401.13,698.53,143.297,486.0,6025.17,19630.97,1976.6,144.17,348.68,74.34,20.65,36.187
2025-06-24,212.77,200.3,106259.0,43089.02,2449.43,712.2,145.703,490.11,6092.18,19912.53,1941.02,147.9,340.47,69.13,20.88,35.70100021362305
2025-06-24,212.77,200.3,106259.0,43089.02,2449.43,712.2,145.703,490.11,6092.18,19912.53,1941.02,147.9,340.47,69.13,20.88,35.732
2025-06-25,211.99,201.56,107838.0,42982.43,2485.24,708.68,145.809,492.27,6092.16,19973.55,1946.38,154.31,327.55,68.4,20.79,36.111
2025-06-25,211.99,201.56,107838.0,42982.43,2485.24,708.68,145.809,492.27,6092.16,19973.55,1946.38,154.31,327.55,68.4,20.79,36.084999084472656
2025-06-26,217.12,201.0,107519.0,43386.84,2447.58,726.09,141.419,497.45,6141.02,20167.91,1949.23,155.02,325.78,68.57,20.94,36.591
2025-06-26,217.12,201.0,107519.0,43386.84,2447.58,726.09,141.419,497.45,6141.02,20167.91,1949.23,155.02,325.78,68.57,20.94,36.58599853515625
2025-06-27,223.3,201.08,107255.0,43819.27,2421.11,733.63,143.451,495.94,6173.07,20273.46,1914.07,157.75,323.63,69.37,20.98,36.03699875
2025-06-27,223.3,201.08,107255.0,43819.27,2421.11,733.63,143.451,495.94,6173.07,20273.46,1914.07,157.75,323.63,69.37,20.98,36.37
2025-06-28,,,107218.0,,2428.41,,149.583,,,,,,,,,
2025-06-29,,,108534.0,,2500.54,,151.761,,,,,,,,,
2025-06-30,219.39,205.17,107180.0,44094.77,2485.58,738.09,153.834,497.41,6204.95,20369.73,1925.77,157.99,317.66,68.15,21.21,36.172
2025-06-30,219.39,205.17,107180.0,44094.77,2485.58,738.09,153.834,497.41,6204.95,20369.73,1925.77,157.99,317.66,68.15,21.21,35.85200119018555
2025-07-01,220.46,207.82,106192.0,44494.94,2429.48,719.22,149.044,492.05,6198.01,20202.89,1950.28,153.3,300.71,67.63,21.27,36.082000732421875
2025-07-01,220.46,207.82,106192.0,44494.94,2429.48,719.22,149.044,492.05,6198.01,20202.89,1950.28,153.3,300.71,67.63,21.27,36.397
2025-07-02,219.92,212.44,108711.0,44484.42,2562.14,713.57,153.554,491.09,6227.42,20393.13,1956.04,157.25,315.65,70.8,21.2703,36.727
2025-07-02,219.92,212.44,108711.0,44484.42,2562.14,713.57,153.554,491.09,6227.42,20393.13,1956.04,157.25,315.65,70.8,21.2703,36.42599868774414
2025-07-03,223.41,213.55,109257.0,44828.53,2579.55,719.01,151.67,498.84,6279.35,20601.1,1946.26,159.34,315.35,70.42,21.4342,36.78400039672851
2025-07-03,223.41,213.55,109257.0,44828.53,2579.55,719.01,151.67,498.84,6279.35,20601.1,1946.26,159.34,315.35,70.42,21.4342,37.084
2025-07-04,,,108174.0,,2518.82,,147.875,,,,,,,71.03,,36.775001525878906
2025-07-04,,,108174.0,,2518.82,,147.875,,,,,,,71.03,,37.084
2025-07-05,,,108035.0,,2513.36,,147.311,,,,,,,,,
2025-07-06,,,109404.0,,2578.39,,151.965,,,,,,,,,
2025-07-07,223.47,209.95,107937.0,44406.36,2538.59,718.35,148.876,497.72,6229.98,20412.52,1946.2,158.24,293.94,71.95,21.33,36.61500168
2025-07-07,223.47,209.95,107937.0,44406.36,2538.59,718.35,148.876,497.72,6229.98,20412.52,1946.2,158.24,293.94,71.95,21.33,36.904
2025-07-08,219.36,210.01,108371.0,44240.76,2593.17,720.67,151.318,496.62,6225.52,20418.46,1937.61,160.0,297.81,72.5,21.3,36.47200012207031
2025-07-08,219.36,210.01,108371.0,44240.76,2593.17,720.67,151.318,496.62,6225.52,20418.46,1937.61,160.0,297.81,72.5,21.3,36.749
2025-07-09,222.54,211.14,111057.0,44458.3,2773.77,732.78,157.348,503.51,6263.26,20611.34,1946.39,162.88,295.88,71.98,21.35,36.63
2025-07-09,222.54,211.14,111057.0,44458.3,2773.77,732.78,157.348,503.51,6263.26,20611.34,1946.39,162.88,295.88,71.98,21.35,36.35100173950195
2025-07-10,222.26,212.41,116726.0,44650.64,2971.35,727.24,165.066,501.48,6280.46,20630.66,1955.57,164.1,309.87,70.38,21.36,37.03799819946289
2025-07-10,222.26,212.41,116726.0,44650.64,2971.35,727.24,165.066,501.48,6280.46,20630.66,1955.57,164.1,309.87,70.38,21.36,37.305
2025-07-11,225.02,211.16,117522.0,44371.51,2957.64,717.51,162.8,503.32,6259.75,20585.53,1984.4,164.92,313.51,72.06,21.26,38.67599868774414
2025-07-11,225.02,211.16,117522.0,44371.51,2957.64,717.51,162.8,503.32,6259.75,20585.53,1984.4,164.92,313.51,72.06,21.26,38.955
2025-07-12,,,117793.0,,2956.08,,161.317,,,,,,,,,
2025-07-13,,,120913.0,,3039.57,,167.172,,,,,,,,,
2025-07-14,225.69,208.62,117387.0,44459.65,2953.41,720.92,159.48,503.02,6268.56,20640.33,1988.41,164.07,316.9,70.96,21.32,38.46200180053711
2025-07-14,225.69,208.62,117387.0,44459.65,2953.41,720.92,159.48,503.02,6268.56,20640.33,1988.41,164.07,316.9,70.96,21.32,38.742
2025-07-15,226.35,209.11,117454.0,44023.29,3112.65,710.39,162.532,505.82,6243.76,20677.8,1975.37,170.7,310.78,70.27,21.12,37.83399963378906
2025-07-15,226.35,209.11,117454.0,44023.29,3112.65,710.39,162.532,505.82,6243.76,20677.8,1975.37,170.7,310.78,70.27,21.12,38.11
2025-07-16,223.19,210.16,117849.0,44254.78,3135.92,702.91,163.001,505.62,6263.7,20730.49,1988.36,171.37,321.67,69.67,21.1975,37.85300064086914
2025-07-16,223.19,210.16,117849.0,44254.78,3135.92,702.91,163.001,505.62,6263.7,20730.49,1988.36,171.37,321.67,69.67,21.1975,38.119
2025-07-17,223.88,210.02,120259.0,44484.49,3598.34,701.41,180.415,511.7,6297.36,20885.65,1980.26,173.0,319.41,71.32,21.3394,38.055999755859375
2025-07-17,223.88,210.02,120259.0,44484.49,3598.34,701.41,180.415,511.7,6297.36,20885.65,1980.26,173.0,319.41,71.32,21.3394,38.303
2025-07-18,226.13,211.18,118263.0,44342.19,3583.18,704.28,177.086,510.05,6296.79,20895.66,1987.71,172.41,329.65,71.06,21.2855,38.222999572753906
2025-07-18,226.13,211.18,118263.0,44342.19,3583.18,704.28,177.086,510.05,6296.79,20895.66,1987.71,172.41,329.65,71.06,21.2855,38.464
2025-07-19,,,117968.0,,3667.25,,178.156,,,,,,,,,
2025-07-20,,,118313.0,,3751.57,,186.452,,,,,,,,,
2025-07-21,229.3,212.48,117048.0,44323.07,3723.42,712.965,199.083,510.06,6305.6,20974.17,2016.13,171.38,328.49,71.92,21.274,39.334
2025-07-21,229.3,212.48,117048.0,44323.07,3723.42,712.965,199.083,510.06,6305.6,20974.17,2016.13,171.38,328.49,71.92,21.274,39.10100173950195
2025-07-22,227.47,214.4,118607.0,44502.44,3735.25,704.81,201.407,505.27,6309.62,20892.68,2038.78,167.03,332.11,69.69,21.3647,39.31999969482422
2025-07-22,227.47,214.4,118607.0,44502.44,3735.25,704.81,201.407,505.27,6309.62,20892.68,2038.78,167.03,332.11,69.69,21.3647,39.555
2025-07-23,228.29,214.15,118684.0,45010.29,3645.59,713.58,190.458,505.87,6358.91,21020.02,2011.59,170.78,332.56,69.17,21.5214,39.503
2025-07-23,228.29,214.15,118684.0,45010.29,3645.59,713.58,190.458,505.87,6358.91,21020.02,2011.59,170.78,332.56,69.17,21.5214,39.27799987792969
2025-07-24,232.23,213.76,115414.0,44693.91,3590.82,714.8,177.395,510.88,6363.35,21057.96,1997.61,173.74,305.3,70.42,21.5245,39.224
2025-07-24,232.23,213.76,115414.0,44693.91,3590.82,714.8,177.395,510.88,6363.35,21057.96,1997.61,173.74,305.3,70.42,21.5245,39.020999908447266
2025-07-25,231.44,213.88,117595.0,44901.92,3739.88,712.68,186.113,513.71,6388.64,21108.32,1975.14,173.5,316.06,69.23,21.6201,38.16699981689453
2025-07-25,231.44,213.88,117595.0,44901.92,3739.88,712.68,186.113,513.71,6388.64,21108.32,1975.14,173.5,316.06,69.23,21.6201,38.365
2025-07-26,,,117963.0,,3743.6,,185.785,,,,,,,,,
2025-07-27,,,119260.0,,3874.58,,193.736,,,,,,,,,
2025-07-28,232.79,214.05,118675.0,44837.56,3780.96,717.63,183.935,512.5,6389.77,21178.58,1960.18,176.75,325.59,70.87,21.5505,38.221
2025-07-28,232.79,214.05,118675.0,44837.56,3780.96,717.63,183.935,512.5,6389.77,21178.58,1960.18,176.75,325.59,70.87,21.5505,38.02600098
2025-07-29,231.01,211.27,118122.0,44632.99,3821.3,700.0,181.768,512.57,6370.86,21098.29,1968.56,175.51,321.2,73.21,21.5166,38.08399963378906
2025-07-29,231.01,211.27,118122.0,44632.99,3821.3,700.0,181.768,512.57,6370.86,21098.29,1968.56,175.51,321.2,73.21,21.5166,38.286
2025-07-30,230.19,209.05,118537.0,44461.28,3865.66,695.21,180.526,513.24,6362.9,21129.67,1952.03,179.27,319.04,73.98,21.468,37.56600189208984
2025-07-30,230.19,209.05,118537.0,44461.28,3865.66,695.21,180.526,513.24,6362.9,21129.67,1952.03,179.27,319.04,73.98,21.468,37.739
2025-07-31,234.11,207.57,115655.0,44130.98,3704.21,773.44,171.117,533.5,6339.39,21122.45,1949.58,177.87,308.27,73.43,21.2182,36.551998138427734
2025-07-31,234.11,207.57,115655.0,44130.98,3704.21,773.44,171.117,533.5,6339.39,21122.45,1949.58,177.87,308.27,73.43,21.2182,36.712
2025-08-01,214.75,202.38,113815.0,43588.58,3520.1,750.01,164.259,524.11,6238.01,20650.13,1979.39,173.72,302.63,70.55,21.004,36.78699875
2025-08-01,214.75,202.38,113815.0,43588.58,3520.1,750.01,164.259,524.11,6238.01,20650.13,1979.39,173.72,302.63,70.55,21.004,36.929
2025-08-02,,,113731.0,,3449.69,,161.017,,,,,,,,,
2025-08-03,,,114582.0,,3555.9,,163.112,,,,,,,,,
2025-08-04,211.65,203.35,114289.0,44173.64,3655.76,776.37,168.297,535.64,6329.94,21053.58,1994.88,180.0,309.26,69.56,21.2709,37.19200134277344
2025-08-04,211.65,203.35,114289.0,44173.64,3655.76,776.37,168.297,535.64,6329.94,21053.58,1994.88,180.0,309.26,69.56,21.2709,37.328
2025-08-05,213.75,202.92,113597.0,44111.74,3585.49,763.46,162.126,527.75,6299.19,20916.55,1999.71,178.26,308.72,69.14,21.1804,37.823
2025-08-05,213.75,202.92,113597.0,44111.74,3585.49,763.46,162.126,527.75,6299.19,20916.55,1999.71,178.26,308.72,69.14,21.1804,37.68700027
2025-08-06,222.31,213.25,114587.0,44193.12,3660.13,771.99,167.05,524.94,6345.06,21169.42,1998.95,179.42,319.91,67.97,21.2385,37.902
2025-08-06,222.31,213.25,114587.0,44193.12,3660.13,771.99,167.05,524.94,6345.06,21169.42,1998.95,179.42,319.91,67.97,21.2385,37.76599884033203
2025-08-07,223.13,220.03,116724.0,43968.64,3928.5,761.83,174.578,520.84,6340.0,21242.7,2010.77,180.77,322.27,66.99,21.1505,38.15800094604492
2025-08-07,223.13,220.03,116724.0,43968.64,3928.5,761.83,174.578,520.84,6340.0,21242.7,2010.77,180.77,322.27,66.99,21.1505,38.294
2025-08-08,222.69,229.35,116383.0,44175.61,4045.17,769.3,177.088,522.04,6389.45,21450.02,2032.66,182.7,329.65,67.17,21.2344,38.542
2025-08-08,222.69,229.35,116383.0,44175.61,4045.17,769.3,177.088,522.04,6389.45,21450.02,2032.66,182.7,329.65,67.17,21.2344,38.41699981689453
2025-08-09,,,118171.0,,4241.88,,185.49,,,,,,,,,
2025-08-10,,,118121.0,,4198.3,,181.946,,,,,,,,,
2025-08-11,221.3,227.18,118867.0,43975.09,4285.15,765.87,175.735,521.77,6373.45,21385.4,1982.24,182.06,339.03,67.36,21.1782,37.66199875
2025-08-11,221.3,227.18,118867.0,43975.09,4285.15,765.87,175.735,521.77,6373.45,21385.4,1982.24,182.06,339.03,67.36,21.1782,37.787
2025-08-12,221.47,229.65,119572.0,44458.61,4648.05,790.0,198.512,529.24,6445.76,21681.9,1978.92,183.16,340.84,66.8,21.4163,37.89899826049805
2025-08-12,221.47,229.65,119572.0,44458.61,4648.05,790.0,198.512,529.24,6445.76,21681.9,1978.92,183.16,340.84,66.8,21.4163,38.002
2025-08-13,224.56,233.33,123361.0,44922.27,4766.44,780.08,207.783,520.58,6466.58,21713.14,1984.34,181.59,339.38,66.25,21.5418,38.499000549316406
2025-08-13,224.56,233.33,123361.0,44922.27,4766.44,780.08,207.783,520.58,6466.58,21713.14,1984.34,181.59,339.38,66.25,21.5418,38.602
2025-08-14,230.98,232.78,118947.0,44911.26,4629.58,782.13,194.851,522.48,6468.54,21710.67,1969.72,182.02,335.58,68.12,21.513,37.98199844360352
2025-08-14,230.98,232.78,118947.0,44911.26,4629.58,782.13,194.851,522.48,6468.54,21710.67,1969.72,182.02,335.58,68.12,21.513,38.069
2025-08-15,231.03,231.59,117575.0,44946.12,4437.38,785.23,187.637,520.17,6449.8,21622.98,1969.38,180.45,330.56,67.3,21.474,37.89400100708008
2025-08-15,231.03,231.59,117575.0,44946.12,4437.38,785.23,187.637,520.17,6449.8,21622.98,1969.38,180.45,330.56,67.3,21.474,37.975
2025-08-16,,,117480.0,,4437.52,,187.856,,,,,,,,,
2025-08-17,,,115222.0,,4311.15,,182.575,,,,,,,,,
2025-08-18,231.49,230.89,114896.0,44911.82,4218.03,767.37,178.488,517.1,6449.15,21629.77,1966.7,182.01,335.16,68.18,21.4853,38.029
2025-08-18,231.49,230.89,114896.0,44911.82,4218.03,767.37,178.488,517.1,6449.15,21629.77,1966.7,182.01,335.16,68.18,21.4853,37.95100021362305
2025-08-19,228.01,230.56,113494.0,44922.27,4138.35,751.48,180.469,509.77,6411.37,21314.95,1955.46,175.64,329.31,66.62,21.4483,37.26100158691406
2025-08-19,228.01,230.56,113494.0,44922.27,4138.35,751.48,180.469,509.77,6411.37,21314.95,1955.46,175.64,329.31,66.62,21.4483,37.332
2025-08-20,223.81,226.01,114089.0,44938.31,4305.89,747.72,188.749,505.72,6395.78,21172.86,1972.81,175.4,323.9,67.61,21.4847,37.773
2025-08-20,223.81,226.01,114089.0,44938.31,4305.89,747.72,188.749,505.72,6395.78,21172.86,1972.81,175.4,323.9,67.61,21.4847,37.70500183105469
2025-08-21,221.95,224.9,113003.0,44785.5,4269.15,739.1,181.515,504.24,6370.17,21100.31,1968.79,174.98,320.11,68.41,21.4039,38.079
2025-08-21,221.95,224.9,113003.0,44785.5,4269.15,739.1,181.515,504.24,6370.17,21100.31,1968.79,174.98,320.11,68.41,21.4039,38.027000427246094
2025-08-22,228.84,227.76,115501.0,45631.74,4683.92,754.79,198.096,507.23,6466.91,21496.53,1990.28,177.99,340.01,68.29,21.6879,39.00299835205078
2025-08-22,228.84,227.76,115501.0,45631.74,4683.92,754.79,198.096,507.23,6466.91,21496.53,1990.28,177.99,340.01,68.29,21.6879,39.054
2025-08-23,,,114979.0,,4782.35,,208.308,,,,,,,,,
2025-08-24,,,113276.0,,4751.12,,210.632,,,,,,,,,
2025-08-25,227.94,227.16,109887.0,45282.47,4402.2,753.3,187.536,504.26,6439.32,21449.29,1989.69,179.81,346.6,,21.5417,38.676998138427734
2025-08-25,227.94,227.16,109887.0,45282.47,4402.2,753.3,187.536,504.26,6439.32,21449.29,1989.69,179.81,346.6,,21.5417,38.703
2025-08-26,228.71,229.31,111657.0,45418.07,4613.68,754.1,201.772,502.04,6465.94,21544.27,1998.72,181.77,351.67,66.89,21.6273,38.606
2025-08-26,228.71,229.31,111657.0,45418.07,4613.68,754.1,201.772,502.04,6465.94,21544.27,1998.72,181.77,351.67,66.89,21.6273,38.582000732421875
2025-08-27,229.12,230.49,111882.0,45565.23,4535.35,747.38,207.343,506.74,6481.4,21590.14,2007.8,181.6,349.6,67.75,21.6878,38.68899917602539
2025-08-27,229.12,230.49,111882.0,45565.23,4535.35,747.38,207.343,506.74,6481.4,21590.14,2007.8,181.6,349.6,67.75,21.6878,38.713
2025-08-28,231.6,232.56,111789.0,45636.9,4498.92,751.11,217.357,509.64,6501.86,21705.16,2022.76,180.17,345.98,68.61,21.7586,39.189998626708984
2025-08-28,231.6,232.56,111789.0,45636.9,4498.92,751.11,217.357,509.64,6501.86,21705.16,2022.76,180.17,345.98,68.61,21.7586,39.703
2025-08-29,229.0,232.14,108389.0,45544.88,4354.74,738.7,205.786,506.69,6460.26,21455.55,2047.1,174.18,333.87,67.83,21.6777,40.723
2025-08-29,229.0,232.14,108389.0,45544.88,4354.74,738.7,205.786,506.69,6460.26,21455.55,2047.1,174.18,333.87,67.83,21.6777,40.20000076293945
2025-08-30,,,109347.0,,4469.94,,205.461,,,,,,,,,
2025-08-31,,,107478.0,,4391.63,,197.953,,,,,,,,,
2025-09-01,,,110428.0,,4373.77,,201.95,,,,,,,67.09,,
2025-09-02,225.34,229.72,111116.0,45295.81,4335.18,735.11,210.084,505.12,6415.54,21279.63,2091.41,170.78,329.36,68.09,21.5715,41.07099914550781
2025-09-02,225.34,229.72,111116.0,45295.81,4335.18,735.11,210.084,505.12,6415.54,21279.63,2091.41,170.78,329.36,68.09,21.5715,41.592
2025-09-03,225.99,238.47,111222.0,45271.23,4397.25,737.05,208.143,505.35,6448.26,21497.73,2116.62,170.62,334.09,67.76,21.5211,42.06
2025-09-03,225.99,238.47,111222.0,45271.23,4397.25,737.05,208.143,505.35,6448.26,21497.73,2116.62,170.62,334.09,67.76,21.5211,41.54199981689453
2025-09-04,235.68,239.78,111250.0,45621.29,4327.24,748.65,203.49,507.97,6502.08,21707.69,2099.85,171.66,338.53,66.41,21.6802,40.9109993
2025-09-04,235.68,239.78,111250.0,45621.29,4327.24,748.65,203.49,507.97,6502.08,21707.69,2099.85,171.66,338.53,66.41,21.6802,41.417
2025-09-05,232.33,239.69,111052.0,45400.86,4319.89,752.45,204.027,495.0,6481.5,21700.39,2126.98,167.02,350.84,64.92,21.6747,41.07400131225586
2025-09-05,232.33,239.69,111052.0,45400.86,4319.89,752.45,204.027,495.0,6481.5,21700.39,2126.98,167.02,350.84,64.92,21.6747,41.552
2025-09-06,,,110508.0,,4293.64,,202.188,,,,,,,,,
2025-09-07,,,111078.0,,4317.57,,207.86,,,,,,,,,
2025-09-08,235.84,237.88,111685.0,45514.95,4303.26,752.3,213.918,498.2,6495.15,21798.7,2141.01,168.31,346.4,65.44,21.7582,41.42599868774414
2025-09-08,235.84,237.88,111685.0,45514.95,4303.26,752.3,213.918,498.2,6495.15,21798.7,2141.01,168.31,346.4,65.44,21.7582,41.902
2025-09-09,238.24,234.35,112713.0,45711.34,4351.54,765.7,218.213,498.41,6512.61,21879.49,2143.8,170.76,346.97,67.97,21.7903,40.87799835205078
2025-09-09,238.24,234.35,112713.0,45711.34,4351.54,765.7,218.213,498.41,6512.61,21879.49,2143.8,170.76,346.97,67.97,21.7903,41.341
2025-09-10,230.33,226.79,114295.0,45490.92,4396.71,751.98,224.403,500.37,6532.04,21886.06,2143.69,177.33,347.79,67.62,21.9216,41.6
2025-09-10,230.33,226.79,114295.0,45490.92,4396.71,751.98,224.403,500.37,6532.04,21886.06,2143.69,177.33,347.79,67.62,21.9216,41.132999420166016
2025-09-11,229.95,230.03,115217.0,46108.0,4503.08,750.9,234.467,501.01,6587.47,22043.07,2138.8,177.17,368.81,67.25,22.1141,42.149
2025-09-11,229.95,230.03,115217.0,46108.0,4503.08,750.9,234.467,501.01,6587.47,22043.07,2138.8,177.17,368.81,67.25,22.1141,41.696998596191406
2025-09-12,228.15,234.07,115987.0,45834.22,4764.88,755.59,243.447,509.9,6584.29,22141.1,2146.25,177.82,395.94,67.87,21.9867,42.387001037597656
2025-09-12,228.15,234.07,115987.0,45834.22,4764.88,755.59,243.447,509.9,6584.29,22141.1,2146.25,177.82,395.94,67.87,21.9867,42.83
2025-09-13,,,115865.0,,4659.13,,240.564,,,,,,,,,
2025-09-14,,,115481.0,,4633.92,,242.816,,,,,,,,,
2025-09-15,231.43,236.7,115373.0,45883.45,4525.89,764.7,235.242,515.36,6615.28,22348.75,2165.23,177.75,410.04,67.88,21.985,42.516998291015625
2025-09-15,231.43,236.7,115373.0,45883.45,4525.89,764.7,235.242,515.36,6615.28,22348.75,2165.23,177.75,410.04,67.88,21.985,42.962
2025-09-16,234.05,238.15,116413.0,45757.9,4501.75,779.0,234.546,509.04,6606.76,22333.96,2168.78,174.88,421.62,69.69,21.9497,42.47100067138672
2025-09-16,234.05,238.15,116413.0,45757.9,4501.75,779.0,234.546,509.04,6606.76,22333.96,2168.78,174.88,421.62,69.69,21.9497,42.917
2025-09-17,231.62,238.99,117725.0,46018.32,4616.9,775.715,246.948,510.02,6600.35,22261.33,2164.53,170.29,425.86,69.19,21.9891,41.72200012207031
2025-09-17,231.62,238.99,117725.0,46018.32,4616.9,775.715,246.948,510.02,6600.35,22261.33,2164.53,170.29,425.86,69.19,21.9891,42.152
2025-09-18,231.23,237.88,116906.0,46142.42,4551.05,780.25,245.06,508.45,6631.96,22470.73,2141.53,176.24,416.85,67.83,22.0961,41.707000732421875
2025-09-18,231.23,237.88,116906.0,46142.42,4551.05,780.25,245.06,508.45,6631.96,22470.73,2141.53,176.24,416.85,67.83,22.0961,42.118
2025-09-19,231.48,245.5,115523.0,46315.27,4466.51,778.38,238.386,517.93,6664.36,22631.48,2157.55,176.67,426.07,67.05,22.11,42.5359993
2025-09-19,231.48,245.5,115523.0,46315.27,4466.51,778.38,238.386,517.93,6664.36,22631.48,2157.55,176.67,426.07,67.05,22.11,42.952
2025-09-20,,,115662.0,,4477.43,,241.256,,,,,,,,,
2025-09-21,,,114636.0,,4303.52,,232.756,,,,,,,,,
2025-09-22,227.63,256.08,112426.0,46381.54,4194.74,765.16,217.329,514.45,6693.75,22788.98,2197.89,183.61,434.21,66.87,22.1522,43.79899978637695
2025-09-22,227.63,256.08,112426.0,46381.54,4194.74,765.16,217.329,514.45,6693.75,22788.98,2197.89,183.61,434.21,66.87,22.1522,44.214
2025-09-23,220.71,254.43,111775.0,46292.78,4145.47,755.4,208.883,509.23,6656.92,22573.47,2221.53,178.43,425.85,67.96,22.09,44.608
2025-09-23,220.71,254.43,111775.0,46292.78,4145.47,755.4,208.883,509.23,6656.92,22573.47,2221.53,178.43,425.85,67.96,22.09,44.19200134277344
2025-09-24,220.21,252.31,112450.0,46121.28,4047.78,760.66,206.842,510.15,6637.97,22497.85,2193.82,176.97,442.79,69.64,22.01,44.192
2025-09-24,220.21,252.31,112450.0,46121.28,4047.78,760.66,206.842,510.15,6637.97,22497.85,2193.82,176.97,442.79,69.64,22.01,43.777000427246094
2025-09-25,218.15,256.87,109472.0,45947.32,3956.85,748.91,196.022,507.03,6604.72,22384.7,2195.56,177.69,423.39,70.48,21.88,44.696998596191406
2025-09-25,218.15,256.87,109472.0,45947.32,3956.85,748.91,196.022,507.03,6604.72,22384.7,2195.56,177.69,423.39,70.48,21.88,45.114
2025-09-26,219.78,255.46,109620.0,46247.29,4021.37,743.75,204.607,511.46,6643.7,22484.07,2217.63,178.19,440.4,71.15,22.0539,46.22100067138672
2025-09-26,219.78,255.46,109620.0,46247.29,4021.37,743.75,204.607,511.46,6643.7,22484.07,2217.63,178.19,440.4,71.15,22.0539,46.656
2025-09-27,,,109427.0,,4011.85,,202.824,,,,,,,,,
2025-09-28,,,111819.0,,4115.69,,210.097,,,,,,,,,
2025-09-29,222.17,254.43,114404.0,46316.07,4201.41,743.4,210.615,514.6,6661.21,22591.15,2244.53,181.85,443.21,69.0,22.0676,46.61199951171875
2025-09-29,222.17,254.43,114404.0,46316.07,4201.41,743.4,210.615,514.6,6661.21,22591.15,2244.53,181.85,443.21,69.0,22.0676,47.016
2025-09-30,219.57,254.63,114175.0,46397.89,4132.37,734.38,206.887,517.95,6688.46,22660.01,2255.01,186.58,444.72,68.52,22.1503,46.25299835205078
2025-09-30,219.57,254.63,114175.0,46397.89,4132.37,734.38,206.887,517.95,6688.46,22660.01,2255.01,186.58,444.72,68.52,22.1503,46.64
2025-10-01,220.63,255.45,118808.0,46441.1,4383.03,717.34,224.006,519.71,6711.2,22755.16,2269.16,187.24,459.46,66.67,22.23,47.290000915527344
2025-10-01,220.63,255.45,118808.0,46441.1,4383.03,717.34,224.006,519.71,6711.2,22755.16,2269.16,187.24,459.46,66.67,22.23,47.679
2025-10-02,222.41,257.13,120338.0,46519.72,4525.08,727.05,233.317,515.74,6715.35,22844.05,2252.04,188.89,436.0,65.44,22.265,46.0
2025-10-02,222.41,257.13,120338.0,46519.72,4525.08,727.05,233.317,515.74,6715.35,22844.05,2252.04,188.89,436.0,65.44,22.265,46.369
2025-10-03,219.51,258.02,122129.0,46758.28,4481.76,710.56,228.835,517.35,6715.79,22780.51,2275.79,187.62,429.83,66.13,22.3152,47.965
2025-10-03,219.51,258.02,122129.0,46758.28,4481.76,710.56,228.835,517.35,6715.79,22780.51,2275.79,187.62,429.83,66.13,22.3152,47.59700012207031
2025-10-04,,,123921.0,,4548.64,,231.246,,,,,,,,,
2025-10-05,,,123898.0,,4532.12,,232.04,,,,,,,,,
2025-10-06,220.9,256.69,124286.0,46694.97,4691.06,715.66,233.619,528.57,6740.28,22941.67,2315.03,185.54,453.25,67.09,22.365,48.448
2025-10-06,220.9,256.69,124286.0,46694.97,4691.06,715.66,233.619,528.57,6740.28,22941.67,2315.03,185.54,453.25,67.09,22.365,48.082000732421875
2025-10-07,221.78,256.48,121429.0,46602.98,4447.84,713.08,219.197,523.98,6714.59,22788.36,2331.39,185.04,433.09,67.1,22.2845,47.515
2025-10-07,221.78,256.48,121429.0,46602.98,4447.84,713.08,219.197,523.98,6714.59,22788.36,2331.39,185.04,433.09,67.1,22.2845,47.17900085449219
2025-10-08,225.22,258.06,122020.0,46601.78,4451.59,717.84,226.034,524.85,6753.72,23043.38,2369.88,189.11,438.69,67.42,22.407,48.994
2025-10-08,225.22,258.06,122020.0,46601.78,4451.59,717.84,226.034,524.85,6753.72,23043.38,2369.88,189.11,438.69,67.42,22.407,48.65599822998047
2025-10-09,227.74,254.04,121357.0,46358.42,4371.93,733.51,222.109,522.4,6735.11,23024.63,2312.88,192.57,435.54,67.23,22.2852,46.849998474121094
2025-10-09,227.74,254.04,121357.0,46358.42,4371.93,733.51,222.109,522.4,6735.11,23024.63,2312.88,192.57,435.54,67.23,22.2852,47.157
2025-10-10,216.37,245.27,112181.0,45479.6,3781.95,705.3,183.896,510.96,6552.51,22204.43,2329.06,183.16,413.49,64.41,21.8213,46.93799973
2025-10-10,216.37,245.27,112181.0,45479.6,3781.95,705.3,183.896,510.96,6552.51,22204.43,2329.06,183.16,413.49,64.41,21.8213,47.247
2025-10-11,,,110718.0,,3781.86,,177.141,,,,,,,,,
2025-10-12,,,114729.0,,4133.46,,194.433,,,,,,,,,
2025-10-13,220.07,247.66,113662.0,46067.58,4164.16,715.7,206.825,514.05,6654.72,22694.61,2406.26,188.32,435.9,64.15,22.08,50.130001068115234
2025-10-13,220.07,247.66,113662.0,46067.58,4164.16,715.7,206.825,514.05,6654.72,22694.61,2406.26,188.32,435.9,64.15,22.08,50.429
2025-10-14,216.39,247.77,112053.0,46270.46,4081.0,708.65,201.859,513.57,6644.31,22521.7,2423.96,180.03,429.24,63.0,22.1845,50.31399917602539
2025-10-14,216.39,247.77,112053.0,46270.46,4081.0,708.65,201.859,513.57,6644.31,22521.7,2423.96,180.03,429.24,63.0,22.1845,50.622
2025-10-15,215.57,249.34,111480.0,46253.31,4023.82,717.55,194.655,513.43,6671.06,22670.08,2446.2,179.83,435.15,62.33,22.2672,51.073001861572266
2025-10-15,215.57,249.34,111480.0,46253.31,4023.82,717.55,194.655,513.43,6671.06,22670.08,2446.2,179.83,435.15,62.33,22.2672,51.378
2025-10-16,214.47,247.45,109035.0,45952.24,3929.49,712.07,186.644,511.61,6629.07,22562.54,2506.17,181.81,428.75,61.08,22.0528,53.02299880981445
2025-10-16,214.47,247.45,109035.0,45952.24,3929.49,712.07,186.644,511.61,6629.07,22562.54,2506.17,181.81,428.75,61.08,22.0528,53.296
2025-10-17,213.04,252.29,107107.0,46190.61,3873.64,716.915,184.915,513.58,6664.01,22679.97,2453.02,183.22,439.31,61.23,22.1396,49.86399841308594
2025-10-17,213.04,252.29,107107.0,46190.61,3873.64,716.915,184.915,513.58,6664.01,22679.97,2453.02,183.22,439.31,61.23,22.1396,50.104
2025-10-18,,,107262.0,,3898.52,,186.812,,,,,,,,,
2025-10-19,,,110006.0,,4019.35,,190.646,,,,,,,,,
2025-10-20,216.48,262.24,109201.0,46706.58,3926.29,732.17,185.511,516.79,6735.13,22990.54,2538.08,182.64,447.43,60.71,22.3556,51.384
2025-10-20,216.48,262.24,109201.0,46706.58,3926.29,732.17,185.511,516.79,6735.13,22990.54,2538.08,182.64,447.43,60.71,22.3556,51.11899948120117
2025-10-21,222.03,262.77,108143.0,46924.74,3857.06,733.27,185.302,517.66,6735.35,22953.67,2392.35,181.16,442.6,61.0,22.3733,47.704
2025-10-21,222.03,262.77,108143.0,46924.74,3857.06,733.27,185.302,517.66,6735.35,22953.67,2392.35,181.16,442.6,61.0,22.3733,47.45000076293945
2025-10-22,217.95,258.45,108421.0,46590.41,3827.69,733.41,182.891,520.54,6699.4,22740.4,2366.91,180.28,438.97,62.28,22.219,47.46099853515625
2025-10-22,217.95,258.45,108421.0,46590.41,3827.69,733.41,182.891,520.54,6699.4,22740.4,2366.91,180.28,438.97,62.28,22.219,47.681
2025-10-23,221.09,259.58,110340.0,46734.61,3879.02,734.0,191.053,520.56,6738.44,22941.8,2413.6,182.16,448.98,66.32,22.365,48.704
2025-10-23,221.09,259.58,110340.0,46734.61,3879.02,734.0,191.053,520.56,6738.44,22941.8,2413.6,182.16,448.98,66.32,22.365,48.48199844360352
2025-10-24,224.21,262.82,111066.0,47207.12,3925.65,738.36,193.533,523.61,6791.69,23204.87,2409.06,186.26,433.72,65.8,22.51,48.586
2025-10-24,224.21,262.82,111066.0,47207.12,3925.65,738.36,193.533,523.61,6791.69,23204.87,2409.06,186.26,433.72,65.8,22.51,48.37699890136719
2025-10-25,,,111322.0,,3927.74,,192.941,,,,,,,,,
2025-10-26,,,114973.0,,4203.23,,204.038,,,,,,,,,
2025-10-27,226.97,268.81,113822.0,47544.59,4087.95,750.82,200.945,531.52,6875.16,23637.46,2340.3,191.49,452.42,65.52,22.6323,46.774
2025-10-27,226.97,268.81,113822.0,47544.59,4087.95,750.82,200.945,531.52,6875.16,23637.46,2340.3,191.49,452.42,65.52,22.6323,46.56200027
2025-10-28,229.25,269.0,112541.0,47706.37,3997.6,751.44,193.981,542.07,6890.89,23827.49,2318.99,201.03,460.55,64.03,22.5453,47.324
2025-10-28,229.25,269.0,112541.0,47706.37,3997.6,751.44,193.981,542.07,6890.89,23827.49,2318.99,201.03,460.55,64.03,22.5453,47.125
2025-10-29,230.3,269.7,110615.0,47632.0,3930.0,751.67,196.77,541.55,6890.59,23958.47,2329.24,207.04,461.51,65.01,22.3763,47.72100067138672
2025-10-29,230.3,269.7,110615.0,47632.0,3930.0,751.67,196.77,541.55,6890.59,23958.47,2329.24,207.04,461.51,65.01,22.3763,47.913
2025-10-30,222.86,271.4,109248.0,47522.12,3828.44,666.47,185.217,525.76,6822.34,23581.14,2338.09,202.89,440.1,65.11,22.2853,48.616
2025-10-30,222.86,271.4,109248.0,47522.12,3828.44,666.47,185.217,525.76,6822.34,23581.14,2338.09,202.89,440.1,65.11,22.2853,48.428001403808594
2025-10-31,244.22,270.37,109677.0,47562.87,3857.04,648.35,187.668,517.81,6840.2,23724.96,2326.79,202.49,456.56,65.44,22.344,48.16
2025-10-31,244.22,270.37,109677.0,47562.87,3857.04,648.35,187.668,517.81,6840.2,23724.96,2326.79,202.49,456.56,65.44,22.344,47.99399948120117
2025-11-01,,,110032.0,,3855.11,,185.732,,,,,,,,,
2025-11-02,,,107961.0,,3742.74,,177.639,,,,,,,,,
2025-11-03,254.0,269.05,106775.0,47336.68,3626.0,637.71,165.248,517.03,6851.97,23834.72,2336.98,206.88,468.37,65.79,22.2508,47.88800048828125
2025-11-03,254.0,269.05,106775.0,47336.68,3626.0,637.71,165.248,517.03,6851.97,23834.72,2336.98,206.88,468.37,65.79,22.2508,48.049
2025-11-04,249.32,270.04,101934.0,47085.24,3328.98,627.32,157.236,514.33,6771.55,23348.64,2305.83,198.69,444.26,65.04,22.0706,47.291
2025-11-04,249.32,270.04,101934.0,47085.24,3328.98,627.32,157.236,514.33,6771.55,23348.64,2305.83,198.69,444.26,65.04,22.0706,47.130001068115234
2025-11-05,250.2,270.14,104036.0,47311.0,3453.83,635.95,162.346,507.16,6796.29,23499.8,2324.7,195.21,462.07,63.54,22.2096,47.862998962402344
2025-11-05,250.2,270.14,104036.0,47311.0,3453.83,635.95,162.346,507.16,6796.29,23499.8,2324.7,195.21,462.07,63.54,22.2096,48.022
2025-11-06,243.04,269.77,101874.0,46912.3,3332.58,618.94,155.879,497.1,6720.32,23053.99,2323.59,188.08,445.91,63.41,22.07,47.79399871826172
2025-11-06,243.04,269.77,101874.0,46912.3,3332.58,618.94,155.879,497.1,6720.32,23053.99,2323.59,188.08,445.91,63.41,22.07,47.95
2025-11-07,244.41,268.47,102758.0,46987.1,3470.7,621.71,163.27,496.82,6728.8,23004.54,2338.44,188.15,429.52,63.72,22.1326,48.016998291015625
2025-11-07,244.41,268.47,102758.0,46987.1,3470.7,621.71,163.27,496.82,6728.8,23004.54,2338.44,188.15,429.52,63.72,22.1326,48.143
2025-11-08,,,102236.0,,3398.29,,157.784,,,,,,,,,
2025-11-09,,,106228.0,,3618.62,,168.117,,,,,,,,,
2025-11-10,248.4,269.43,105762.0,47368.63,3578.39,631.76,166.853,506.0,6832.43,23527.17,2407.85,199.05,445.23,63.01,22.3371,50.311
2025-11-10,248.4,269.43,105762.0,47368.63,3578.39,631.76,166.853,506.0,6832.43,23527.17,2407.85,199.05,445.23,63.01,22.3371,50.176998138427734
2025-11-11,249.1,275.25,103168.0,47927.96,3439.47,627.08,154.519,508.68,6846.61,23468.3,2408.59,193.16,439.62,63.86,22.4357,50.744
2025-11-11,249.1,275.25,103168.0,47927.96,3439.47,627.08,154.519,508.68,6846.61,23468.3,2408.59,193.16,439.62,63.86,22.4357,50.61800003051758
2025-11-12,244.2,273.47,101887.0,48254.82,3466.19,609.01,154.12,511.14,6850.92,23406.46,2469.59,193.8,430.6,61.88,22.5553,53.332000732421875
2025-11-12,244.2,273.47,101887.0,48254.82,3466.19,609.01,154.12,511.14,6850.92,23406.46,2469.59,193.8,430.6,61.88,22.5553,53.457
2025-11-13,237.58,272.95,98896.7,47457.22,3213.22,609.89,143.387,503.29,6737.49,22870.35,2463.2,186.86,401.99,62.14,22.2639,53.17
2025-11-13,237.58,272.95,98896.7,47457.22,3213.22,609.89,143.387,503.29,6737.49,22870.35,2463.2,186.86,401.99,62.14,22.2639,53.07400131225586
2025-11-14,234.69,272.41,96975.1,47147.48,3203.97,609.46,142.009,510.18,6734.11,22900.59,2404.23,190.17,404.35,63.45,22.1704,50.686
2025-11-14,234.69,272.41,96975.1,47147.48,3203.97,609.46,142.009,510.18,6734.11,22900.59,2404.23,190.17,404.35,63.45,22.1704,50.59000015258789
2025-11-16,,,96179.6,,3222.28,,142.353,,,,,,,,,
2025-11-17,232.87,267.46,89532.8,46590.24,2969.18,602.01,134.114,507.49,6672.41,22708.07,2392.76,186.6,408.92,63.16,21.95,50.711
2025-11-17,232.87,267.46,89532.8,46590.24,2969.18,602.01,134.114,507.49,6672.41,22708.07,2392.76,186.6,408.92,63.16,21.95,50.625
2025-11-18,222.55,267.44,91378.4,46091.74,3060.14,597.69,138.871,493.79,6617.32,22432.85,2388.04,181.36,401.25,64.86,21.89,50.521
2025-11-18,222.55,267.44,91378.4,46091.74,3060.14,597.69,138.871,493.79,6617.32,22432.85,2388.04,181.36,401.25,64.86,21.89,50.45000076293945
2025-11-19,222.69,268.56,92526.4,46138.77,3038.78,590.32,144.047,487.12,6642.16,22564.23,2397.65,186.52,403.99,63.78,21.8844,50.854
2025-11-19,222.69,268.56,92526.4,46138.77,3038.78,590.32,144.047,487.12,6642.16,22564.23,2397.65,186.52,403.99,63.78,21.8844,50.790000915527344
2025-11-20,217.14,266.25,85865.6,45752.26,2806.31,589.15,131.832,478.43,6538.76,22078.05,2384.55,180.64,395.23,63.64,21.5688,50.301
2025-11-20,217.14,266.25,85865.6,45752.26,2806.31,589.15,131.832,478.43,6538.76,22078.05,2384.55,180.64,395.23,63.64,21.5688,50.24700164794922
2025-11-21,220.69,271.49,84018.2,46245.41,2738.5,594.25,126.214,472.12,6602.99,22273.08,2396.37,178.88,391.09,62.78,21.784,49.87300109863281
2025-11-21,220.69,271.49,84018.2,46245.41,2738.5,594.25,126.214,472.12,6602.99,22273.08,2396.37,178.88,391.09,62.78,21.784,49.913
2025-11-22,,,86588.1,,2827.97,,130.816,,,,,,,,,
2025-11-23,,,85756.4,,2797.25,,128.867,,,,,,,,,
2025-11-24,226.28,275.92,88340.2,46448.27,2936.32,613.05,138.78,474.0,6705.12,22872.01,2404.98,182.55,417.78,64.83,22.0021,50.326
2025-11-24,226.28,275.92,88340.2,46448.27,2936.32,613.05,138.78,474.0,6705.12,22872.01,2404.98,182.55,417.78,64.83,22.0021,50.29499816894531
2025-11-25,229.67,276.97,87224.7,47112.45,2933.01,636.22,138.16,476.99,6765.88,23025.59,2432.06,177.82,419.4,63.99,22.2764,50.965
2025-11-25,229.67,276.97,87224.7,47112.45,2933.01,636.22,138.16,476.99,6765.88,23025.59,2432.06,177.82,419.4,63.99,22.2764,50.93399810791016
2025-11-26,229.16,277.55,91248.4,47427.12,3040.73,633.61,142.883,485.5,6812.61,23214.69,2446.61,180.26,426.58,64.81,22.4581,53.607
2025-11-26,229.16,277.55,91248.4,47427.12,3040.73,633.61,142.883,485.5,6812.61,23214.69,2446.61,180.26,426.58,64.81,22.4581,52.91600036621094
2025-11-27,,,91436.6,,3016.28,,139.956,,,,,,,64.18,,53.607
2025-11-28,233.22,278.85,90837.2,47716.42,3035.31,647.95,137.434,492.01,6849.09,23365.69,2477.24,177.0,430.17,64.07,22.61,57.163
2025-11-28,233.22,278.85,90837.2,47716.42,3035.31,647.95,137.434,492.01,6849.09,23365.69,2477.24,177.0,430.17,64.07,22.61,56.44599914550781
2025-11-29,,,90846.1,,2998.11,,136.342,,,,,,,,,
2025-11-30,,,85865.6,,2815.45,,126.418,,,,,,,,,
2025-12-01,233.88,283.1,87003.8,47289.33,2806.7,640.87,127.189,486.74,6812.63,23275.92,2488.82,179.92,430.14,64.22,22.49,58.417999267578125
2025-12-01,233.88,283.1,87003.8,47289.33,2806.7,640.87,127.189,486.74,6812.63,23275.92,2488.82,179.92,430.14,64.22,22.49,59.142
2025-12-02,234.42,286.19,93035.1,47474.46,3055.05,647.1,142.164,490.0,6829.37,23413.67,2457.38,181.46,429.24,63.37,22.4057,58.703
2025-12-02,234.42,286.19,93035.1,47474.46,3055.05,647.1,142.164,490.0,6829.37,23413.67,2457.38,181.46,429.24,63.37,22.4057,57.983001708984375
2025-12-03,232.38,284.15,93257.9,47882.9,3189.4,639.6,143.954,477.73,6849.72,23454.09,2464.19,179.59,446.74,63.75,22.575,57.92100143432617
2025-12-03,232.38,284.15,93257.9,47882.9,3189.4,639.6,143.954,477.73,6849.72,23454.09,2464.19,179.59,446.74,63.75,22.575,58.62
2025-12-04,229.11,280.7,92079.1,47850.94,3168.39,661.53,138.555,480.84,6857.12,23505.14,2470.31,183.38,454.53,64.15,22.565,56.84700012207031
2025-12-04,229.11,280.7,92079.1,47850.94,3168.39,661.53,138.555,480.84,6857.12,23505.14,2470.31,183.38,454.53,64.15,22.565,57.491
2025-12-05,229.53,278.78,89618.8,47954.99,3033.87,673.42,133.252,483.16,6870.4,23578.13,2470.31,182.41,455.0,64.42,22.64,58.422000885009766
2025-12-05,229.53,278.78,89618.8,47954.99,3033.87,673.42,133.252,483.16,6870.4,23578.13,2470.31,182.41,455.0,64.42,22.64,59.053
2025-12-06,,,89532.0,,3046.16,,133.043,,,,,,,,,
2025-12-07,,,91224.3,,3122.77,,134.841,,,,,,,,,
2025-12-08,226.89,277.89,89935.8,47739.32,3107.46,666.8,132.533,491.02,6846.51,23545.9,2455.58,185.55,439.58,63.3,22.54,58.405
2025-12-08,226.89,277.89,89935.8,47739.32,3107.46,666.8,132.533,491.02,6846.51,23545.9,2455.58,185.55,439.58,63.3,22.54,57.77899932861328
2025-12-09,227.92,277.18,92495.7,47560.29,3320.8,656.96,138.975,492.02,6840.51,23576.49,2466.35,184.97,445.17,62.62,22.4806,60.84
2025-12-09,227.92,277.18,92495.7,47560.29,3320.8,656.96,138.975,492.02,6840.51,23576.49,2466.35,184.97,445.17,62.62,22.4806,60.16899871826172
2025-12-10,231.78,278.78,90350.6,48057.75,3209.3,650.13,131.061,478.56,6886.68,23654.16,2459.65,183.78,451.45,63.12,22.7159,61.029
2025-12-10,231.78,278.78,90350.6,48057.75,3209.3,650.13,131.061,478.56,6886.68,23654.16,2459.65,183.78,451.45,63.12,22.7159,60.37900161743164
2025-12-11,230.28,278.03,92364.1,48704.01,3248.28,652.71,136.981,483.47,6901.0,23593.86,2511.06,180.93,446.89,61.87,22.8662,64.592
2025-12-11,230.28,278.03,92364.1,48704.01,3248.28,652.71,136.981,483.47,6901.0,23593.86,2511.06,180.93,446.89,61.87,22.8662,63.92900085449219
2025-12-12,226.19,278.28,90390.8,48458.05,3091.84,644.23,132.903,478.53,6827.41,23195.17,2519.97,175.02,458.96,62.11,22.6355,61.36199951171875
2025-12-12,226.19,278.28,90390.8,48458.05,3091.84,644.23,132.903,478.53,6827.41,23195.17,2519.97,175.02,458.96,62.11,22.6355,62.007
2025-12-13,,,90146.3,,3111.68,,132.908,,,,,,,,,
2025-12-14,,,89752.6,,3123.82,,131.897,,,,,,,,,
2025-12-15,222.54,274.11,85747.1,48416.56,2909.86,647.51,125.904,474.82,6816.51,23057.41,2523.99,176.29,475.31,61.55,22.73,62.939998626708984
2025-12-15,222.54,274.11,85747.1,48416.56,2909.86,647.51,125.904,474.82,6816.51,23057.41,2523.99,176.29,475.31,61.55,22.73,63.589
2025-12-16,222.56,274.61,86752.5,48114.26,2930.59,657.15,127.701,476.39,6800.26,23111.46,2522.3,177.72,489.88,59.93,22.53,63.323
2025-12-16,222.56,274.61,86752.5,48114.26,2930.59,657.15,127.701,476.39,6800.26,23111.46,2522.3,177.72,489.88,59.93,22.53,62.70000076293945
2025-12-17,221.27,271.84,86793.6,47885.97,2838.14,649.5,123.701,476.12,6721.43,22693.32,2546.52,170.94,467.26,60.61,22.32,66.23699951171875
2025-12-17,221.27,271.84,86793.6,47885.97,2838.14,649.5,123.701,476.12,6721.43,22693.32,2546.52,170.94,467.26,60.61,22.32,66.901
2025-12-18,226.76,272.19,87087.0,47951.85,2921.15,664.45,122.816,483.98,6774.76,23006.36,2541.05,174.14,483.37,60.69,22.37,64.59200286865234
2025-12-18,226.76,272.19,87087.0,47951.85,2921.15,664.45,122.816,483.98,6774.76,23006.36,2541.05,174.14,483.37,60.69,22.37,65.219
2025-12-19,227.35,273.67,88331.6,48134.89,2985.94,658.77,126.348,485.92,6834.5,23307.62,2554.32,180.99,481.2,61.35,22.55,67.489
2025-12-19,227.35,273.67,88331.6,48134.89,2985.94,658.77,126.348,485.92,6834.5,23307.62,2554.32,180.99,481.2,61.35,22.55,66.84500122070312
2025-12-20,,,88055.6,,2975.37,,125.144,,,,,,,,,
2025-12-21,,,89010.8,,3041.35,,126.69,,,,,,,,,
2025-12-22,228.43,270.97,88080.8,48362.68,2988.95,661.5,125.54,484.92,6878.49,23428.83,2602.12,183.69,488.73,62.22,22.78,67.90599822998047
2025-12-22,228.43,270.97,88080.8,48362.68,2988.95,661.5,125.54,484.92,6878.49,23428.83,2602.12,183.69,488.73,62.22,22.78,68.565
2025-12-23,232.14,272.36,87157.3,48442.41,2937.27,664.94,121.656,486.85,6909.79,23561.84,2623.25,189.21,485.56,63.7,22.76,71.137
2025-12-23,232.14,272.36,87157.3,48442.41,2937.27,664.94,121.656,486.85,6909.79,23561.84,2623.25,189.21,485.56,63.7,22.76,70.48500061035156
2025-12-24,232.38,273.81,87778.5,48731.16,2944.2,667.55,122.642,488.02,6932.05,23613.31,2621.57,188.61,485.4,63.7,22.89,71.03099822998047
2025-12-24,232.38,273.81,87778.5,48731.16,2944.2,667.55,122.642,488.02,6932.05,23613.31,2621.57,188.61,485.4,63.7,22.89,71.685
2025-12-25,,,89026.6,,2970.36,,122.759,,,,,,,,,
2025-12-26,232.52,273.4,87474.3,48710.97,2930.89,663.29,123.107,487.71,6929.94,23593.1,2650.62,190.53,475.19,,22.84,76.48600006103516
2025-12-26,232.52,273.4,87474.3,48710.97,2930.89,663.29,123.107,487.71,6929.94,23593.1,2650.62,190.53,475.19,,22.84,77.196
2025-12-27,,,87715.3,,2939.57,,124.107,,,,,,,,,
2025-12-28,,,90264.7,,3043.97,,128.469,,,,,,,,,
2025-12-29,232.07,273.76,87323.6,48461.93,2949.41,658.69,123.95,487.1,6905.74,23474.35,2528.88,188.22,459.64,63.1,22.7525,69.85600280761719
2025-12-29,232.07,273.76,87323.6,48461.93,2949.41,658.69,123.95,487.1,6905.74,23474.35,2528.88,188.22,459.64,63.1,22.7525,70.46
2025-12-30,232.53,273.08,88382.9,48367.06,2973.28,665.95,125.597,487.48,6896.24,23419.08,2553.74,187.54,454.43,62.3,22.67,77.37400055
2025-12-30,232.53,273.08,88382.9,48367.06,2973.28,665.95,125.597,487.48,6896.24,23419.08,2553.74,187.54,454.43,62.3,22.67,77.919
2025-12-31,230.82,271.86,87559.9,48063.29,2975.24,660.09,124.875,483.62,6845.5,23241.99,2527.42,186.5,449.72,61.35,22.57,71.13999938964844
2025-12-31,230.82,271.86,87559.9,48063.29,2975.24,660.09,124.875,483.62,6845.5,23241.99,2527.42,186.5,449.72,61.35,22.57,70.603
